seq,norm_50_10,z,t_3,t_30,f_5_10,f_10_30,f_30_100,chisq_1,chisq_2,chisq_3,exp_1,exp_3,pois_4,pois_16
1.0,60.468,-1.698,0.072,0.193,1.263,2.494,1.124,0.954,5.852,2.653,2.232,0.017,8.0,16.0
2.0,51.89,-0.389,-2.092,-2.404,0.338,2.409,1.107,0.36,0.97,0.517,0.815,0.3,5.0,19.0
3.0,45.677,-0.49,0.385,-2.057,0.369,0.819,1.365,0.013,3.101,4.591,2.183,0.102,6.0,17.0
4.0,50.31,-0.4,-3.279,-0.808,0.598,0.804,0.913,2.084,5.983,2.095,0.052,0.521,4.0,17.0
5.0,50.996,1.427,-0.621,-0.966,0.93,0.839,1.664,0.151,0.237,3.432,0.231,0.313,6.0,21.0
6.0,29.753,-0.024,0.06,2.005,0.652,1.173,0.606,0.629,1.064,2.245,3.315,0.722,2.0,16.0
7.0,37.124,0.963,0.62,-0.008,0.53,0.863,1.111,0.323,0.794,5.489,1.185,0.197,3.0,17.0
8.0,46.396,0.9,-1.74,0.414,0.407,0.969,0.765,0.021,1.51,1.748,2.443,0.544,4.0,17.0
9.0,54.49,-0.682,0.393,0.536,0.247,0.675,1.262,0.833,1.258,4.912,0.12,0.003,1.0,17.0
10.0,56.063,-0.027,0.576,-0.858,0.441,0.699,1.129,0.479,0.376,3.213,0.383,0.021,5.0,11.0
11.0,51.544,0.188,-0.485,0.899,2.366,1.043,1.411,0.72,7.014,1.264,0.178,0.139,4.0,15.0
12.0,50.138,-1.207,-1.048,-0.107,1.553,1.918,1.04,0.001,0.13,0.503,1.921,0.161,4.0,20.0
13.0,62.959,0.121,0.149,0.779,0.469,1.692,0.55,0.961,1.277,3.39,0.521,0.151,2.0,15.0
14.0,35.363,1.035,0.486,-0.108,0.891,0.708,1.294,1.54,0.498,2.386,0.587,0.032,3.0,15.0
15.0,48.144,-1.239,1.628,-1.496,0.334,0.677,1.574,0.586,0.775,8.337,0.165,0.038,4.0,9.0
16.0,46.89,0.351,-1.083,0.246,0.635,1.412,0.848,0.17,1.15,0.604,0.488,0.254,5.0,11.0
17.0,40.609,1.891,1.093,-0.732,0.392,0.652,0.832,1.303,0.047,9.854,1.596,0.129,3.0,23.0
18.0,58.865,-0.262,0.599,0.899,1.301,0.27,1.236,0.039,2.924,5.556,0.866,0.147,3.0,14.0
19.0,34.947,-0.996,-6.398,-0.123,0.987,1.679,0.536,2.672,3.225,2.244,0.26,0.45,2.0,23.0
20.0,47.941,-0.335,1.115,-0.394,1.703,0.577,0.569,0.858,3.733,1.258,0.066,0.02,6.0,12.0
21.0,55.594,-0.447,-2.513,-2.959,1.402,0.227,1.195,0.613,0.966,0.236,0.125,1.119,2.0,13.0
22.0,41.563,-0.489,-1.897,-0.842,0.393,1.083,0.758,0.606,2.071,0.572,0.321,0.425,7.0,15.0
23.0,56.118,-1.032,0.462,-0.84,0.32,0.648,1.168,0.044,0.834,1.355,4.489,0.3,4.0,18.0
24.0,45.531,0.209,-1.505,0.006,0.161,2.185,0.914,2.143,5.781,2.617,3.259,0.023,5.0,14.0
25.0,38.881,-2.199,-0.324,0.342,1.018,0.946,1.215,0.158,4.463,1.148,1.674,0.43,1.0,10.0
26.0,40.509,-0.69,-0.217,0.076,1.204,2.355,1.306,0.102,0.309,2.782,2.572,0.258,5.0,17.0
27.0,50.387,-0.645,0.278,0.525,2.115,1.564,0.643,6.928,6.445,4.863,2.189,0.061,6.0,17.0
28.0,48.953,0.292,0.303,1.142,0.565,0.846,1.127,0.018,3.721,0.13,1.173,0.142,6.0,17.0
29.0,51.936,0.734,1.316,0.218,0.921,0.699,0.966,0.066,6.21,10.723,1.365,1.309,4.0,9.0
30.0,43.152,0.531,-0.727,1.737,0.224,1.109,1.055,0.02,2.014,0.218,0.566,0.392,0.0,14.0
31.0,53.217,-0.682,0.551,0.392,3.235,0.647,0.816,1.022,1.074,1.527,0.013,0.615,4.0,17.0
32.0,52.694,0.565,1.883,0.617,4.531,0.936,1.202,0.047,0.709,2.7,0.183,0.159,2.0,22.0
33.0,67.792,1.152,1.265,0.937,0.442,1.185,0.913,0.069,8.339,1.751,0.57,0.829,2.0,19.0
34.0,68.433,-0.001,-0.462,-0.38,0.962,0.705,0.761,0.071,2.325,1.965,0.474,0.21,3.0,20.0
35.0,45.001,-1.561,-0.349,0.248,2.135,0.347,0.747,2.079,1.082,3.298,2.738,0.382,6.0,25.0
36.0,52.911,0.301,2.12,-0.286,0.853,0.508,1.072,0.001,0.925,3.349,3.06,0.297,4.0,20.0
37.0,45.853,-1.05,2.189,0.858,0.236,1.268,1.122,0.276,3.063,1.154,2.669,0.266,6.0,19.0
38.0,47.102,0.264,0.045,0.433,0.903,0.928,0.721,0.538,0.095,2.525,0.68,0.005,0.0,14.0
39.0,52.186,-1.271,1.797,0.698,0.911,2.39,0.73,0.006,1.05,13.149,2.2,0.079,1.0,24.0
40.0,66.325,0.331,0.086,-0.38,1.73,0.868,1.167,0.037,1.023,2.674,0.436,0.993,3.0,17.0
41.0,43.231,-0.07,-0.081,0.181,0.723,0.834,0.532,0.013,0.04,1.456,0.644,1.225,5.0,17.0
42.0,51.392,-1.48,1.022,0.508,1.77,1.353,0.847,0.433,0.402,2.857,0.296,0.552,4.0,15.0
43.0,55.369,0.276,-0.081,-1.335,1.607,1.252,0.786,0.173,4.022,0.355,1.71,0.307,4.0,14.0
44.0,52.552,-0.11,3.519,0.403,0.374,1.201,0.648,0.051,0.571,4.233,0.58,0.413,5.0,14.0
45.0,41.662,0.777,5.489,1.694,0.559,0.874,1.218,5.046,0.671,0.976,1.133,0.329,8.0,15.0
46.0,49.16,0.04,1.302,1.866,1.373,0.757,0.582,6.47,2.495,1.985,1.052,0.56,2.0,20.0
47.0,23.231,-1.609,1.129,0.852,1.634,1.21,1.216,0.438,1.225,8.574,0.736,0.592,3.0,20.0
48.0,45.481,-1.626,0.744,0.716,0.546,1.326,0.929,1.344,1.583,0.512,1.06,0.459,4.0,14.0
49.0,49.164,-0.179,-0.387,-0.149,1.415,0.702,0.689,2.561,1.199,4.907,0.8,1.873,4.0,19.0
50.0,54.384,-0.322,0.392,0.438,0.561,1.014,1.542,0.516,2.097,3.814,0.855,0.525,3.0,21.0
51.0,47.728,0.092,-0.153,0.429,0.327,0.628,0.685,0.099,0.186,3.42,0.419,0.584,4.0,18.0
52.0,51.809,0.061,1.593,0.51,1.384,2.638,1.051,0.042,1.194,2.794,1.231,0.213,3.0,13.0
53.0,39.31,-2.067,3.991,2.58,0.341,1.023,0.937,0.003,0.912,1.452,0.079,0.037,4.0,13.0
54.0,69.46,0.926,-2.011,1.759,0.362,0.574,0.958,0.024,0.639,6.155,0.153,0.023,6.0,28.0
55.0,58.343,0.326,-2.207,-0.087,0.203,0.447,1.211,3.286,0.254,4.308,0.529,0.226,5.0,17.0
56.0,76.605,-0.12,0.233,-0.464,5.689,0.373,0.551,0.517,0.092,4.236,0.022,0.05,2.0,15.0
57.0,52.135,-0.067,-0.428,-2.48,3.211,1.651,1.1,0.376,1.074,3.708,1.344,0.833,2.0,12.0
58.0,26.729,-0.944,3.759,-1.027,2.215,2.993,0.94,0.491,1.432,4.829,3.342,0.671,6.0,19.0
59.0,40.803,0.733,-2.348,0.957,2.496,1.357,1.668,0.114,1.912,1.331,0.041,0.433,8.0,20.0
60.0,31.423,-1.1,-0.04,1.31,5.08,1.598,1.054,4.515,1.606,5.773,1.121,0.062,2.0,22.0
61.0,30.268,0.256,0.853,-0.495,0.202,0.388,1.215,0.573,1.492,4.736,1.528,0.757,2.0,18.0
62.0,68.55,0.121,1.461,0.049,0.606,1.025,1.224,0.479,5.55,4.967,0.75,0.973,0.0,18.0
63.0,60.744,0.15,-1.344,0.525,2.473,0.643,1.332,0.005,2.091,3.455,1.016,0.092,2.0,25.0
64.0,48.524,1.032,0.001,1.684,0.99,0.643,0.781,0.088,3.792,1.836,0.262,0.372,2.0,16.0
65.0,55.075,0.346,0.007,-1.092,0.945,1.268,0.887,0.006,0.579,5.021,0.608,0.432,7.0,18.0
66.0,38.887,-1.407,-1.137,0.177,2.64,0.489,1.255,6.773,0.335,7.344,0.431,0.368,4.0,19.0
67.0,58.906,0.301,0.203,1.023,0.601,1.338,1.097,4.332,0.689,5.428,1.002,0.748,0.0,19.0
68.0,55.037,-0.022,-0.169,-1.107,1.439,1.327,1.154,0.676,5.838,0.744,1.837,0.273,5.0,14.0
69.0,50.733,-0.29,0.621,-0.033,1.241,0.847,0.981,0.289,1.677,5.153,9.012,0.145,2.0,18.0
70.0,37.36,-1.956,-0.156,0.655,1.304,2.417,0.585,1.038,3.194,4.569,1.075,0.454,4.0,12.0
71.0,36.787,-0.053,-0.271,2.004,1.086,0.5,1.385,0.222,3.879,3.146,1.291,0.099,3.0,10.0
72.0,54.435,0.67,0.74,-0.624,0.106,0.753,1.209,0.171,0.089,3.052,0.797,1.049,0.0,15.0
73.0,52.503,1.756,0.849,1.346,1.187,0.634,1.008,0.208,1.149,2.416,1.85,0.127,5.0,17.0
74.0,42.747,-0.387,0.605,0.271,0.308,1.028,1.183,0.782,4.241,11.052,1.932,1.058,4.0,12.0
75.0,41.849,0.145,-0.171,0.789,0.619,0.969,1.766,0.177,1.734,1.816,2.062,0.26,1.0,17.0
76.0,42.66,-1.18,-0.105,-0.652,0.346,0.629,0.927,0.001,2.647,2.491,1.045,0.188,5.0,14.0
77.0,51.418,1.43,-6.645,0.394,0.8,0.764,1.285,0.876,2.564,2.679,2.918,0.063,4.0,18.0
78.0,37.755,-0.237,-1.734,-1.073,1.52,0.827,0.947,1.688,0.242,1.987,0.351,0.108,7.0,14.0
79.0,48.902,-1.474,0.682,1.052,0.716,1.01,0.792,0.279,0.395,0.696,0.473,0.035,4.0,16.0
80.0,32.656,-1.084,-0.139,-1.438,1.817,0.334,0.811,0.002,1.379,1.196,1.033,0.031,3.0,17.0
81.0,49.773,0.919,-0.355,-0.884,0.909,0.162,1.412,1.194,0.746,1.857,0.019,0.341,2.0,15.0
82.0,51.382,0.252,2.418,0.18,0.44,0.69,1.82,4.286,0.382,3.115,1.202,0.249,7.0,17.0
83.0,47.468,0.787,-0.704,-0.094,0.722,0.331,0.839,0.442,0.771,6.541,0.278,0.037,5.0,16.0
84.0,61.288,-1.053,0.235,1.038,1.399,0.814,1.059,0.462,1.076,1.733,0.109,0.318,4.0,18.0
85.0,38.192,-2.394,-0.275,-0.601,0.805,1.33,1.439,0.142,3.291,3.748,1.185,0.189,8.0,18.0
86.0,45.591,0.246,2.021,-0.162,1.553,0.531,0.97,4.579,0.887,2.484,1.168,0.313,5.0,19.0
87.0,45.311,-0.501,0.78,-2.09,1.287,1.445,0.995,0.896,1.633,3.568,0.46,0.005,4.0,27.0
88.0,47.076,0.146,-0.754,0.702,0.306,0.997,1.291,0.756,2.631,3.353,0.31,0.08,2.0,12.0
89.0,57.61,-1.202,0.372,0.464,0.686,0.504,1.078,0.035,3.173,2.056,0.774,0.107,6.0,18.0
90.0,33.468,-1.006,-2.326,-0.189,2.316,1.506,1.525,0.373,1.0,0.544,1.09,1.221,3.0,13.0
91.0,37.799,0.227,-0.667,-1.498,0.374,1.222,0.585,0.126,6.277,0.622,3.449,0.242,2.0,20.0
92.0,42.507,0.012,-0.53,-1.142,1.343,0.513,0.985,0.311,0.025,3.405,1.37,0.039,6.0,13.0
93.0,25.551,0.24,-0.404,-0.614,2.408,1.613,0.817,0.18,2.848,1.854,0.776,0.069,1.0,16.0
94.0,51.479,0.331,-0.61,1.349,0.261,0.954,0.75,0.008,3.519,1.651,0.683,0.327,6.0,19.0
95.0,48.117,0.398,0.104,-0.836,0.903,0.802,1.463,0.52,0.783,2.671,4.124,0.312,3.0,19.0
96.0,50.159,-0.5,-0.543,-0.479,0.503,1.56,1.107,1.743,0.865,1.165,0.243,0.116,4.0,16.0
97.0,68.971,0.788,-0.641,-0.362,1.722,0.582,1.052,0.001,1.354,2.313,0.755,0.227,6.0,15.0
98.0,59.147,0.055,0.077,0.271,0.718,0.913,1.127,0.301,3.997,11.884,0.603,0.085,3.0,21.0
99.0,52.352,0.161,-0.673,-0.026,0.924,0.763,0.785,0.004,1.918,2.355,0.894,0.38,4.0,11.0
100.0,54.811,1.982,-0.079,0.684,0.297,0.746,0.77,0.361,0.034,1.96,0.09,0.723,1.0,20.0
101.0,54.175,1.079,-0.349,0.532,1.434,1.593,0.874,2.958,0.171,2.783,0.059,0.573,1.0,21.0
102.0,48.007,-0.559,4.164,-2.335,1.459,1.08,1.098,1.07,3.287,2.051,0.035,0.046,6.0,13.0
103.0,58.834,0.484,0.775,0.853,0.886,0.932,1.246,1.237,4.57,1.3,0.026,0.256,5.0,11.0
104.0,43.198,-1.374,0.268,-0.913,0.68,0.952,1.497,0.005,3.193,1.345,1.553,0.837,4.0,21.0
105.0,40.617,0.34,1.562,1.222,1.747,0.467,0.92,0.098,0.595,2.582,0.775,0.159,3.0,14.0
106.0,56.218,1.787,0.038,-0.054,0.208,2.088,1.324,0.03,1.786,0.5,1.262,0.249,3.0,15.0
107.0,49.863,1.987,-0.139,0.215,1.22,1.332,0.718,1.677,1.0,3.891,0.111,0.314,4.0,22.0
108.0,64.803,-0.783,-5.116,-0.36,1.072,1.564,0.738,2.673,0.991,3.524,0.745,0.15,6.0,22.0
109.0,50.521,0.235,-0.131,-1.845,2.458,0.58,0.77,0.315,0.997,1.413,0.648,1.012,9.0,21.0
110.0,49.349,-0.344,2.315,0.494,0.329,0.594,0.723,0.104,2.764,2.443,1.189,1.043,6.0,15.0
111.0,41.659,0.343,0.175,0.884,0.337,0.465,1.005,4.758,0.682,2.088,0.553,0.191,4.0,15.0
112.0,59.894,0.995,-1.393,-0.805,0.815,0.452,0.731,0.674,2.92,2.088,0.213,0.099,4.0,12.0
113.0,56.282,0.784,-0.138,-0.683,0.886,0.619,1.145,0.272,0.523,0.856,0.754,0.331,6.0,18.0
114.0,56.281,2.674,1.505,3.381,0.894,1.515,0.925,0.43,6.571,0.211,1.831,0.281,3.0,18.0
115.0,35.673,0.381,0.01,0.618,0.772,0.535,1.334,0.061,0.486,1.358,3.416,0.024,2.0,23.0
116.0,47.913,-1.453,-0.143,-0.16,3.087,0.422,0.956,0.445,0.107,4.205,3.603,0.123,8.0,16.0
117.0,44.134,-0.348,0.149,-0.969,0.591,1.588,0.505,1.525,0.309,4.87,2.845,0.254,6.0,11.0
118.0,53.536,0.049,1.397,-0.128,2.865,0.816,1.52,0.018,3.424,7.05,0.157,0.262,6.0,17.0
119.0,57.377,0.903,0.251,0.957,1.237,1.162,1.449,0.048,0.112,3.016,0.362,1.071,5.0,14.0
120.0,52.999,1.74,-0.329,0.435,0.783,0.46,1.066,0.005,0.908,0.772,0.206,0.365,4.0,19.0
121.0,36.749,1.559,1.189,0.192,0.701,0.597,0.887,2.202,0.763,1.355,1.071,0.422,2.0,26.0
122.0,65.058,-0.055,0.922,-0.106,2.449,0.839,0.979,0.554,0.473,2.784,0.218,0.147,3.0,17.0
123.0,53.722,-0.958,0.098,0.741,1.261,1.097,0.916,0.238,0.394,5.364,0.999,0.354,3.0,15.0
124.0,51.75,0.864,-1.399,0.675,1.254,0.566,0.843,0.14,1.701,1.891,0.004,0.452,5.0,11.0
125.0,50.68,0.99,-0.024,-0.457,1.226,0.625,0.813,2.163,0.183,2.71,0.01,0.108,5.0,14.0
126.0,56.662,0.231,-0.345,1.576,4.424,0.748,1.194,4.736,0.485,2.45,0.102,0.372,1.0,17.0
127.0,32.226,0.425,-0.25,2.013,1.705,1.622,1.48,3.356,5.772,1.599,1.507,0.064,4.0,19.0
128.0,67.79,0.834,-0.772,-0.498,1.539,0.295,1.376,4.0,0.207,7.279,0.102,0.281,4.0,13.0
129.0,42.999,-0.336,-0.159,-0.405,0.671,1.616,0.661,2.17,3.262,2.447,0.054,0.113,4.0,17.0
130.0,56.772,0.466,-4.264,0.609,0.361,0.385,1.037,0.003,0.567,3.493,0.354,0.276,2.0,13.0
131.0,39.644,-0.562,-0.658,0.12,0.454,1.182,1.207,0.008,1.935,3.116,0.248,0.029,3.0,16.0
132.0,61.765,-0.782,-1.618,-0.062,5.448,1.038,1.015,0.36,4.084,1.805,2.463,0.225,6.0,14.0
133.0,56.449,0.431,1.002,1.022,0.048,0.541,0.633,4.575,0.548,0.519,0.829,0.316,4.0,19.0
134.0,39.237,0.746,1.452,0.747,1.712,1.385,0.692,0.789,0.229,0.266,0.018,0.376,7.0,12.0
135.0,54.32,0.059,0.854,0.819,1.04,1.536,0.535,1.515,1.029,3.679,0.328,0.163,4.0,16.0
136.0,53.48,-0.95,0.359,-0.664,1.134,1.615,1.428,2.04,8.775,5.433,0.003,0.152,6.0,18.0
137.0,35.209,0.469,-1.399,0.014,2.682,1.967,1.11,1.964,0.509,0.353,0.613,0.423,3.0,20.0
138.0,61.764,-0.241,-1.776,-0.892,0.524,1.093,1.243,2.059,0.785,1.14,0.576,0.123,3.0,21.0
139.0,40.936,-0.34,-0.258,0.874,0.911,1.546,1.247,0.026,2.012,0.984,0.623,0.041,3.0,18.0
140.0,69.34,1.49,0.007,0.563,0.148,0.723,1.092,0.196,1.329,4.468,0.471,0.12,6.0,14.0
141.0,57.906,0.109,-2.229,-0.871,0.97,1.891,0.496,0.101,7.192,0.581,0.145,0.372,2.0,11.0
142.0,68.942,0.516,-0.853,0.198,1.639,0.304,1.963,0.867,0.199,5.583,0.654,0.435,3.0,24.0
143.0,45.958,-2.533,0.021,-2.724,1.658,0.938,0.63,0.866,0.069,4.362,0.065,0.018,4.0,16.0
144.0,41.493,0.371,0.465,-0.381,0.647,0.67,1.516,1.304,0.878,2.769,0.071,0.297,3.0,21.0
145.0,44.647,0.623,0.247,-0.438,0.984,0.983,1.106,2.282,0.284,8.01,0.2,0.255,2.0,16.0
146.0,50.108,0.882,-1.976,0.554,1.258,0.787,1.768,2.324,1.144,1.63,1.028,0.024,4.0,21.0
147.0,48.318,-0.049,-1.004,-1.651,1.306,0.655,1.003,1.216,0.092,0.272,0.342,0.087,2.0,16.0
148.0,74.337,-0.07,-0.234,0.681,2.453,0.47,1.254,0.024,1.55,3.422,0.262,0.184,3.0,13.0
149.0,59.886,-1.022,1.175,0.758,0.514,1.445,1.257,0.017,0.092,4.96,0.536,0.56,3.0,20.0
150.0,42.51,0.368,-0.189,0.164,2.13,0.856,0.71,0.264,0.821,1.637,4.365,0.191,2.0,18.0
151.0,48.05,-0.654,1.019,0.09,0.764,1.259,0.856,4.006,2.779,1.538,1.333,0.583,6.0,13.0
152.0,46.29,-2.468,0.516,-0.647,0.839,1.068,1.058,0.25,0.973,2.216,0.126,0.164,3.0,18.0
153.0,62.333,-1.242,0.249,-0.178,0.232,1.472,1.269,0.66,4.009,1.05,0.236,0.512,4.0,12.0
154.0,50.9,-1.1,0.247,-0.104,1.759,2.045,0.896,0.355,3.226,3.147,1.056,0.403,2.0,17.0
155.0,49.462,-1.571,0.844,1.575,0.633,0.779,1.047,0.0,1.279,0.89,3.045,0.157,5.0,11.0
156.0,43.756,0.876,0.036,-0.993,2.238,0.948,0.943,0.019,0.398,7.915,0.623,0.037,3.0,15.0
157.0,68.903,1.693,0.015,-0.382,0.212,1.147,0.994,0.178,4.403,1.307,0.745,0.367,3.0,9.0
158.0,44.379,-2.203,0.362,1.11,1.921,0.652,1.15,0.309,2.788,1.285,1.252,0.468,0.0,15.0
159.0,67.063,0.487,-0.895,0.663,2.838,0.848,0.792,0.22,3.795,2.346,0.657,0.176,4.0,13.0
160.0,62.547,-2.007,-2.252,0.056,2.105,1.892,2.807,0.265,6.407,0.663,1.013,0.113,1.0,15.0
161.0,37.549,1.506,-2.352,-0.912,0.649,0.789,0.848,0.552,1.056,2.367,0.057,0.701,6.0,12.0
162.0,47.39,-0.111,1.786,-0.224,0.493,2.371,0.883,0.888,3.726,3.169,0.963,0.268,5.0,12.0
163.0,43.611,-1.29,-0.435,-0.504,0.436,1.315,0.892,0.827,4.972,6.228,0.383,0.449,3.0,10.0
164.0,45.948,0.111,1.135,-1.822,1.316,0.549,0.871,0.0,1.178,4.406,0.014,0.279,7.0,17.0
165.0,48.693,-1.058,0.064,0.279,0.867,1.947,0.918,1.423,4.2,0.245,1.699,0.096,3.0,16.0
166.0,49.224,0.486,-0.931,-0.125,3.587,0.381,0.551,0.838,4.176,1.214,0.38,0.308,3.0,17.0
167.0,61.323,1.428,-0.599,-2.973,0.571,2.082,1.141,0.119,0.096,3.919,0.779,0.266,3.0,19.0
168.0,55.078,0.023,-1.304,-1.916,2.905,0.836,0.928,1.471,3.461,1.31,1.279,0.13,3.0,13.0
169.0,49.41,-0.954,-0.395,1.733,1.681,0.479,0.723,0.021,0.725,0.847,0.187,0.519,4.0,18.0
170.0,65.967,0.606,-0.782,0.477,0.443,0.753,1.044,1.082,1.369,4.404,0.157,0.525,6.0,8.0
171.0,49.343,0.251,-0.054,-0.427,2.164,1.127,0.652,0.033,0.565,0.329,0.14,0.735,3.0,17.0
172.0,27.545,0.826,-1.654,0.261,1.75,0.555,0.925,0.041,0.604,0.493,0.248,0.567,4.0,10.0
173.0,31.268,-1.155,-1.352,0.025,3.7,0.822,0.639,0.126,2.371,1.775,1.959,0.12,1.0,11.0
174.0,47.622,-0.566,0.343,-0.782,0.923,1.111,0.624,0.049,0.366,2.459,0.299,0.059,2.0,11.0
175.0,60.505,1.108,-1.25,0.177,0.26,0.45,1.216,0.438,2.508,2.05,0.783,0.478,3.0,21.0
176.0,53.678,0.074,0.018,1.139,2.851,1.671,1.251,0.181,2.635,4.029,2.671,0.238,6.0,13.0
177.0,52.0,0.988,-0.256,0.789,0.865,2.203,0.947,1.11,0.775,1.785,1.894,0.211,2.0,16.0
178.0,44.152,-1.125,-0.079,-0.324,0.444,0.932,1.051,0.092,1.617,6.429,2.463,0.018,3.0,12.0
179.0,66.838,0.047,-1.229,1.037,0.778,0.558,1.756,0.04,1.66,2.986,1.066,0.105,3.0,10.0
180.0,51.442,0.384,0.159,0.17,0.159,1.766,0.899,0.156,1.631,0.453,0.644,0.427,3.0,10.0
181.0,50.561,0.869,-0.67,-0.738,0.355,0.728,0.921,1.253,4.965,3.399,1.613,0.226,3.0,19.0
182.0,36.495,-0.763,-0.196,-0.24,0.948,1.233,0.968,0.026,0.559,3.323,0.245,0.049,6.0,12.0
183.0,38.85,0.563,-0.191,-0.062,1.853,0.827,0.988,3.635,2.351,3.835,0.172,0.264,1.0,20.0
184.0,61.497,0.048,-0.217,0.93,0.893,1.075,0.728,1.083,0.677,2.405,0.032,0.909,4.0,21.0
185.0,62.721,-0.591,2.534,0.478,0.177,0.48,1.62,0.928,3.576,3.507,0.388,0.086,7.0,20.0
186.0,44.667,-1.336,0.624,-0.549,1.289,0.361,0.953,2.413,5.173,3.212,0.215,0.261,7.0,15.0
187.0,45.482,0.639,-0.182,0.331,2.088,1.185,0.749,0.04,3.158,4.035,0.83,0.647,3.0,17.0
188.0,61.632,0.394,0.299,-0.767,0.946,0.857,1.069,0.965,6.993,4.818,0.026,0.601,7.0,21.0
189.0,36.929,-0.911,0.996,0.435,0.62,0.776,0.954,1.678,1.753,7.682,1.52,0.055,0.0,25.0
190.0,52.068,-0.906,-0.218,1.509,2.682,1.65,1.053,1.403,1.65,3.973,1.595,0.808,4.0,16.0
191.0,60.998,1.211,-1.771,-0.554,0.667,0.756,1.312,0.058,4.194,4.374,3.429,1.657,4.0,9.0
192.0,56.765,2.788,-0.507,-1.292,1.432,0.637,0.929,1.328,1.549,6.175,1.064,0.232,6.0,23.0
193.0,36.249,-0.186,-3.368,-0.716,0.789,0.662,1.157,0.085,0.697,3.863,0.073,0.007,4.0,15.0
194.0,34.744,-1.132,0.795,1.165,0.58,1.089,1.067,0.394,0.019,0.124,1.02,0.718,5.0,15.0
195.0,31.066,-0.237,-0.015,0.718,1.207,1.84,0.887,0.062,0.166,1.001,1.661,0.735,8.0,13.0
196.0,52.52,0.548,2.412,0.007,3.084,1.398,1.125,0.449,1.673,2.615,0.157,1.144,3.0,17.0
197.0,58.004,2.581,12.081,-2.145,0.387,0.81,1.118,0.003,2.304,7.834,0.718,0.736,3.0,14.0
198.0,60.352,-1.101,-0.176,-0.804,1.556,1.014,1.098,0.041,4.384,3.281,0.368,0.732,5.0,15.0
199.0,63.753,0.427,1.676,-0.55,1.162,0.335,0.67,1.867,2.13,1.553,0.117,1.114,5.0,17.0
200.0,50.572,0.555,-0.55,0.2,2.51,1.493,0.997,0.0,0.009,2.899,0.631,0.244,5.0,18.0
201.0,31.588,2.326,0.67,-0.23,0.392,2.173,1.772,0.138,11.458,1.873,1.008,0.077,1.0,19.0
202.0,36.102,0.236,-0.306,-0.204,0.4,1.19,1.093,2.208,2.465,2.337,0.527,0.073,2.0,15.0
203.0,63.271,1.637,0.47,0.439,0.135,1.468,0.967,1.89,0.384,4.564,0.637,0.253,1.0,14.0
204.0,40.66,0.683,0.949,0.024,0.711,2.351,1.384,0.747,2.204,2.593,6.445,0.161,5.0,12.0
205.0,47.568,0.628,0.479,1.191,0.915,0.992,1.445,1.357,2.189,2.572,0.099,0.31,2.0,18.0
206.0,47.68,0.097,1.952,0.817,1.394,0.865,0.949,0.822,1.041,2.981,2.438,0.053,2.0,20.0
207.0,40.263,0.654,0.127,-0.351,2.078,0.501,0.722,2.172,3.001,2.175,0.065,0.046,2.0,11.0
208.0,53.411,0.353,1.895,-1.036,1.126,1.335,0.855,0.002,0.148,2.028,0.392,0.237,1.0,11.0
209.0,52.189,-0.372,-0.988,-0.923,1.011,0.622,1.35,0.338,3.049,3.548,0.212,0.015,3.0,18.0
210.0,59.832,1.003,0.916,-0.433,0.849,0.373,1.533,0.319,4.146,2.423,0.139,0.819,2.0,15.0
211.0,52.644,1.739,0.706,-1.124,0.691,0.48,0.559,0.716,2.648,1.225,0.63,0.16,6.0,21.0
212.0,63.066,0.709,-0.871,0.048,0.282,1.074,0.803,0.737,0.703,4.521,0.723,0.867,8.0,18.0
213.0,51.129,0.752,-0.626,-1.087,1.261,0.601,0.649,0.966,1.944,0.745,2.156,0.111,2.0,16.0
214.0,53.725,0.959,-0.364,-0.553,3.53,0.806,1.091,1.226,2.728,2.224,1.455,0.727,4.0,23.0
215.0,52.758,0.163,-0.344,-1.45,0.667,0.69,1.05,0.005,4.606,0.453,0.045,0.421,4.0,22.0
216.0,62.228,0.594,-0.837,-0.311,0.625,0.916,0.799,3.002,1.212,7.3,0.311,0.556,2.0,17.0
217.0,56.312,1.906,-1.59,0.079,3.39,1.152,1.241,0.049,2.809,13.693,1.332,0.42,5.0,15.0
218.0,53.153,-0.534,-0.596,0.519,2.466,1.176,1.252,0.708,1.173,2.929,0.49,0.4,4.0,16.0
219.0,57.15,1.329,-0.021,1.527,1.988,0.996,0.564,1.469,0.324,4.163,0.716,0.741,1.0,20.0
220.0,39.175,0.391,1.025,-0.212,2.369,1.534,0.893,2.343,0.094,0.954,0.57,0.085,1.0,20.0
221.0,50.815,2.042,-0.986,0.893,0.565,1.718,0.926,0.087,0.807,1.908,0.828,0.293,4.0,12.0
222.0,47.945,-1.786,0.322,-2.294,1.952,1.007,1.336,0.822,3.932,0.51,0.939,0.424,5.0,11.0
223.0,48.35,0.044,0.205,-1.894,0.841,0.54,1.305,0.33,0.336,1.719,0.083,0.511,2.0,24.0
224.0,42.187,0.542,-0.76,0.158,0.808,1.152,0.895,3.735,0.294,0.113,1.411,1.401,4.0,16.0
225.0,49.55,1.788,-0.219,-0.818,0.584,0.741,1.463,4.339,0.031,4.157,0.084,0.061,2.0,14.0
226.0,50.401,-1.849,-0.608,0.798,1.77,1.098,1.353,0.624,5.163,2.751,1.655,0.229,8.0,15.0
227.0,32.738,1.757,0.115,0.878,3.69,1.097,0.719,0.182,0.797,0.448,1.122,0.633,6.0,19.0
228.0,32.912,-0.975,1.262,-0.645,0.571,0.762,0.981,0.01,0.984,3.953,0.645,0.723,3.0,8.0
229.0,58.361,1.791,-0.278,0.518,0.41,1.425,1.016,0.27,2.105,1.731,0.752,0.287,9.0,18.0
230.0,54.759,0.034,-3.553,2.4,0.469,2.735,0.595,0.818,2.582,3.861,0.38,0.061,0.0,18.0
231.0,51.247,0.904,1.231,0.068,1.081,1.915,0.6,0.479,1.783,0.516,1.066,0.202,3.0,16.0
232.0,48.607,-0.213,0.669,-0.081,1.065,1.196,0.721,0.269,1.006,1.126,0.188,0.181,2.0,15.0
233.0,56.289,-0.439,-0.058,-0.896,0.683,0.652,0.531,1.445,9.73,7.874,0.53,1.262,6.0,19.0
234.0,47.582,-1.985,-1.355,-0.375,0.367,1.667,1.716,0.0,1.71,2.479,0.812,1.161,4.0,12.0
235.0,45.725,-1.296,-1.215,0.209,0.515,1.926,1.131,0.043,0.377,0.667,1.389,0.873,4.0,15.0
236.0,49.155,-1.556,2.381,0.036,1.214,1.927,1.136,0.118,0.07,3.737,1.723,0.695,1.0,17.0
237.0,44.448,0.619,0.644,0.342,0.882,1.536,0.84,0.002,0.208,1.23,0.841,0.24,5.0,15.0
238.0,76.296,1.33,2.025,0.735,0.902,1.453,1.476,1.695,0.468,0.897,0.533,0.199,2.0,12.0
239.0,43.692,0.674,-0.077,-0.799,3.327,1.46,0.35,2.663,0.268,1.298,2.002,0.184,1.0,11.0
240.0,41.486,-0.364,-0.283,1.453,1.639,0.681,0.75,2.557,4.416,3.939,0.959,0.044,2.0,21.0
241.0,64.001,-1.613,-2.338,0.571,0.478,0.525,0.672,3.695,1.695,1.334,0.187,0.263,3.0,15.0
242.0,67.907,-0.577,1.399,-0.569,0.692,0.704,1.534,2.76,0.432,1.388,2.097,0.169,7.0,10.0
243.0,50.704,0.886,0.232,0.371,2.013,1.725,1.224,0.234,2.545,1.665,1.986,0.022,5.0,12.0
244.0,46.504,-0.128,1.212,-0.435,0.704,0.664,1.119,0.011,0.197,1.833,0.116,0.325,4.0,25.0
245.0,54.535,-1.109,0.425,-0.197,0.663,1.736,1.409,1.974,1.817,2.335,2.05,0.362,5.0,11.0
246.0,31.996,0.75,0.183,0.813,1.245,0.928,0.709,0.28,1.231,3.584,3.636,0.006,4.0,14.0
247.0,41.927,0.959,0.134,-0.1,1.337,1.698,1.599,0.142,0.303,0.85,1.371,0.974,3.0,16.0
248.0,46.957,-0.215,-2.158,-2.162,0.414,1.065,1.286,3.341,0.481,5.984,1.21,0.093,2.0,20.0
249.0,52.322,-1.04,-0.289,1.566,0.479,0.74,1.132,2.992,0.163,4.073,0.574,0.376,5.0,19.0
250.0,45.342,0.89,-1.403,0.304,0.204,0.56,1.251,0.087,0.363,2.035,2.979,0.009,7.0,17.0
251.0,53.121,0.294,-0.114,0.13,4.264,1.784,1.753,2.915,0.429,1.172,5.629,0.006,5.0,19.0
252.0,61.924,-0.511,-1.094,-1.601,1.753,0.911,1.271,2.031,0.864,6.736,6.544,1.439,3.0,13.0
253.0,39.29,0.245,1.376,-0.197,0.822,2.419,0.883,0.06,4.07,3.545,0.672,0.123,4.0,14.0
254.0,50.431,0.582,-0.693,0.813,2.464,1.807,0.725,0.603,6.208,2.582,0.431,0.142,4.0,19.0
255.0,47.931,0.414,-0.414,-1.317,1.831,1.176,0.779,0.225,0.227,3.682,0.061,0.385,3.0,17.0
256.0,50.04,-0.206,-0.315,0.38,0.839,0.64,1.067,0.118,1.584,2.794,3.062,0.052,2.0,12.0
257.0,38.05,-1.766,-1.043,0.596,0.613,1.27,0.948,0.496,0.403,2.156,0.939,0.278,0.0,11.0
258.0,32.74,0.478,-0.441,-1.178,0.986,0.74,1.227,0.316,1.667,1.775,0.569,0.756,4.0,19.0
259.0,53.671,-1.405,-0.771,-0.639,0.609,0.535,1.298,0.435,0.425,1.446,1.413,0.492,3.0,23.0
260.0,62.922,-0.033,-0.777,1.632,1.562,1.127,0.807,1.349,0.681,4.126,0.107,0.518,3.0,16.0
261.0,34.379,1.305,0.64,-0.645,2.483,0.334,1.881,0.179,2.362,2.266,0.874,0.173,2.0,9.0
262.0,36.197,0.89,0.864,0.297,1.424,0.462,0.93,3.853,2.618,1.003,1.152,0.0,3.0,19.0
263.0,50.166,-0.724,-2.0,-0.816,0.353,0.272,1.072,4.755,2.846,0.836,0.096,0.072,4.0,14.0
264.0,45.594,0.224,-0.706,2.065,1.833,0.85,0.779,0.204,2.041,3.889,1.248,0.352,4.0,23.0
265.0,50.907,-0.53,0.225,-0.019,0.91,0.824,0.732,1.685,2.353,2.883,0.902,0.231,3.0,12.0
266.0,49.952,-1.246,-1.524,-0.205,1.481,0.56,0.806,1.901,0.511,1.745,0.762,0.114,1.0,21.0
267.0,57.666,-0.93,-0.762,-1.029,2.025,1.127,1.252,0.302,0.542,1.465,0.363,1.268,5.0,18.0
268.0,44.042,-1.205,0.429,-0.497,0.705,0.798,1.438,0.7,3.786,2.303,2.227,0.042,3.0,26.0
269.0,64.482,-0.903,-2.009,-0.862,0.443,1.436,0.914,0.256,7.282,1.018,1.396,0.935,4.0,18.0
270.0,39.283,0.612,-0.801,-0.319,1.601,1.474,0.587,0.0,1.02,3.255,0.596,0.024,1.0,13.0
271.0,75.44,0.007,0.953,0.506,3.515,1.227,1.392,0.466,1.231,4.319,1.03,0.445,6.0,11.0
272.0,50.936,0.589,0.459,0.166,0.471,0.59,0.895,1.329,1.395,2.383,0.975,0.155,1.0,15.0
273.0,59.222,-0.145,-9.715,-1.561,0.794,0.909,1.083,2.014,1.182,1.116,0.752,0.525,3.0,19.0
274.0,25.891,-0.267,0.759,-0.509,0.198,2.339,1.681,0.786,3.217,1.499,2.019,0.171,5.0,15.0
275.0,34.713,0.55,0.721,2.066,0.559,2.356,0.56,0.04,2.318,2.818,0.003,0.112,2.0,16.0
276.0,53.779,-0.955,-2.679,0.355,0.381,0.885,1.206,0.238,0.296,2.35,0.016,0.446,3.0,24.0
277.0,44.004,-0.432,-4.615,1.415,1.227,2.542,1.565,0.073,0.347,6.205,0.372,0.06,3.0,16.0
278.0,51.761,-0.92,1.488,-2.232,1.009,0.658,1.051,4.664,0.148,0.543,1.231,0.236,1.0,14.0
279.0,57.893,-0.113,0.411,-0.065,1.067,1.432,1.439,1.428,1.303,4.704,3.063,0.781,5.0,16.0
280.0,65.531,-0.834,-3.992,2.089,0.394,3.07,1.136,1.31,6.445,3.302,1.842,0.421,2.0,14.0
281.0,24.232,-0.519,0.652,0.251,0.667,0.766,0.941,1.299,1.564,2.9,0.856,0.025,3.0,21.0
282.0,42.99,0.108,-1.407,-0.433,0.401,0.541,0.721,0.026,1.006,3.122,1.831,0.229,2.0,11.0
283.0,34.472,-1.182,0.017,0.031,0.535,1.787,0.884,0.189,7.278,6.35,0.699,0.202,3.0,13.0
284.0,63.357,0.408,0.401,0.15,0.412,0.976,0.779,0.448,0.776,2.213,0.12,0.091,4.0,15.0
285.0,60.588,-0.046,0.695,-0.541,1.035,1.832,0.806,0.332,1.055,0.263,1.874,0.104,5.0,21.0
286.0,36.377,1.201,-1.098,-0.734,2.458,0.581,1.127,0.829,0.594,1.632,1.186,0.711,5.0,21.0
287.0,64.988,-0.219,-1.02,0.609,0.764,1.262,0.944,0.598,2.302,2.39,0.259,0.822,4.0,17.0
288.0,68.682,-1.918,-0.195,-0.097,1.589,1.425,1.03,0.299,0.388,6.549,0.124,0.072,3.0,10.0
289.0,71.456,-0.215,-1.243,3.83,0.265,0.716,0.977,0.452,3.323,1.917,0.645,0.12,9.0,19.0
290.0,32.326,-0.316,-0.68,0.025,0.797,1.047,0.994,0.047,3.082,0.094,1.025,1.208,4.0,13.0
291.0,64.672,1.436,-0.357,-1.688,0.517,1.273,1.412,1.582,10.675,3.697,1.033,0.196,7.0,18.0
292.0,32.258,-0.945,-0.438,-0.692,1.099,0.753,1.188,0.105,3.472,2.516,1.666,0.571,4.0,17.0
293.0,39.231,0.637,0.342,0.725,0.468,2.299,0.824,0.001,0.373,16.682,0.627,0.001,7.0,18.0
294.0,48.803,0.342,1.039,-1.132,1.02,1.832,0.876,0.166,1.559,2.769,1.027,0.826,8.0,30.0
295.0,46.116,-0.488,0.723,-0.033,1.187,1.217,0.637,2.01,1.41,0.279,0.447,0.074,2.0,20.0
296.0,53.209,0.84,-1.073,-3.004,3.276,0.69,0.981,0.152,5.318,2.822,2.553,0.142,1.0,17.0
297.0,36.525,-1.542,-0.638,0.091,0.487,1.217,0.625,0.172,1.802,0.852,0.68,0.025,4.0,16.0
298.0,40.833,0.351,-1.828,0.943,1.316,1.294,0.722,0.964,2.249,1.787,1.674,0.19,5.0,13.0
299.0,53.447,0.977,0.923,-1.764,0.651,0.363,1.093,0.237,2.087,0.807,0.924,0.121,3.0,14.0
300.0,60.949,-0.215,2.722,2.868,0.532,1.301,0.846,0.685,2.2,4.793,3.345,0.005,4.0,21.0
301.0,65.493,0.188,-0.107,-1.111,0.298,0.942,1.189,2.541,0.157,0.573,1.761,0.076,5.0,14.0
302.0,31.297,-0.977,1.097,1.088,0.339,1.846,1.268,0.005,2.623,3.618,0.22,0.337,12.0,17.0
303.0,37.894,0.404,-0.361,0.828,1.474,1.687,1.264,0.011,1.203,4.114,0.405,0.856,7.0,15.0
304.0,48.652,-0.308,0.703,-0.219,0.143,1.282,1.012,0.457,2.274,2.157,1.26,0.042,4.0,13.0
305.0,69.246,-0.026,0.092,-1.066,0.593,0.923,1.878,0.089,6.087,0.486,1.133,0.944,5.0,21.0
306.0,55.598,1.657,0.995,0.735,4.457,0.944,2.214,0.017,0.556,5.287,1.374,0.393,8.0,14.0
307.0,34.337,-1.324,-1.669,-0.428,3.493,0.557,1.116,0.006,2.679,0.62,0.065,0.723,5.0,10.0
308.0,57.48,-0.042,-1.077,0.985,1.557,0.824,0.813,2.048,0.295,3.8,1.904,0.286,3.0,23.0
309.0,58.653,-0.344,3.299,-1.141,0.94,0.86,1.106,0.653,0.139,0.856,0.446,0.58,2.0,18.0
310.0,36.745,0.177,-0.693,0.115,0.745,1.062,1.043,1.068,3.241,1.377,0.127,0.77,5.0,12.0
311.0,28.519,0.81,4.929,-0.119,0.651,0.385,1.254,0.005,9.969,0.75,1.011,0.323,2.0,15.0
312.0,40.405,0.318,-0.162,0.363,0.377,1.423,1.295,0.605,0.815,5.991,0.809,0.219,6.0,13.0
313.0,38.92,0.519,0.575,1.665,0.564,0.49,1.058,0.469,4.719,1.726,0.443,0.003,1.0,16.0
314.0,57.892,-0.282,-1.457,0.294,2.022,1.04,0.738,0.51,1.281,7.384,1.348,0.184,4.0,21.0
315.0,49.777,-0.936,0.457,-0.586,4.609,0.66,0.687,1.174,5.344,3.412,0.095,0.239,3.0,13.0
316.0,62.239,0.227,-1.173,0.619,0.208,1.937,1.339,0.159,2.962,1.88,0.14,0.344,3.0,18.0
317.0,65.215,-0.028,-1.021,-0.019,0.563,2.558,0.851,0.831,0.24,8.199,0.196,0.16,3.0,24.0
318.0,40.369,0.692,1.271,0.219,3.64,1.627,1.608,0.176,3.902,4.523,0.113,0.14,3.0,18.0
319.0,52.457,-0.414,1.117,0.532,2.653,1.225,1.304,0.048,1.476,2.581,0.579,0.319,7.0,10.0
320.0,43.249,1.26,0.252,0.911,1.694,0.877,1.185,2.659,1.358,0.776,1.966,0.186,1.0,11.0
321.0,42.154,1.114,-1.223,-0.217,0.238,1.288,0.638,0.018,1.382,1.443,1.149,0.05,2.0,10.0
322.0,54.544,0.1,0.737,0.094,0.989,0.797,1.332,0.167,6.177,2.634,2.297,0.419,5.0,19.0
323.0,57.078,-0.654,0.29,-1.935,1.539,1.266,1.094,0.695,1.617,0.767,1.099,0.1,3.0,12.0
324.0,55.731,-0.571,-6.824,-0.74,0.344,0.7,0.989,0.816,0.027,3.854,0.709,0.502,5.0,17.0
325.0,27.676,-1.26,-0.183,-0.088,0.937,1.679,1.076,0.216,4.417,0.518,0.009,0.399,2.0,23.0
326.0,51.981,-0.004,0.318,0.917,0.543,1.673,0.769,0.662,4.252,3.418,0.147,0.283,2.0,18.0
327.0,41.48,-0.063,0.797,0.046,2.103,0.707,0.639,0.155,0.337,6.39,0.65,0.537,4.0,20.0
328.0,46.922,-0.152,-1.18,-1.347,1.0,0.864,0.888,0.627,3.798,3.328,1.565,0.522,3.0,15.0
329.0,56.805,-1.921,-0.963,1.059,0.128,1.258,1.515,0.022,0.575,4.789,1.329,0.077,2.0,19.0
330.0,57.807,-0.792,-0.645,0.611,5.195,0.674,1.099,0.148,1.437,7.407,1.52,0.833,2.0,17.0
331.0,34.059,0.606,0.082,1.157,0.848,0.715,0.866,0.037,1.43,8.126,0.269,0.484,3.0,13.0
332.0,59.399,0.123,-3.29,0.944,1.031,0.361,0.853,1.307,0.133,0.598,0.666,0.124,4.0,14.0
333.0,51.196,0.845,0.575,1.005,1.588,1.445,1.155,0.033,1.091,3.252,0.003,0.049,4.0,17.0
334.0,63.128,-0.176,-0.513,-0.397,0.789,1.42,1.363,2.005,0.439,8.261,1.58,0.168,3.0,19.0
335.0,40.036,-0.306,-1.017,1.692,0.097,1.055,1.206,3.434,0.646,0.445,0.388,0.635,3.0,11.0
336.0,49.952,0.284,0.368,-1.862,0.332,0.783,0.607,0.024,3.973,7.036,0.014,0.004,4.0,15.0
337.0,49.177,-1.453,0.778,-0.617,1.706,1.745,0.764,0.654,1.618,1.22,0.687,0.194,5.0,9.0
338.0,44.951,0.515,0.203,-0.386,0.721,1.633,1.685,0.0,2.726,3.571,0.817,0.017,0.0,24.0
339.0,62.169,0.113,-3.84,0.843,2.494,0.569,1.231,5.256,1.178,5.869,0.247,0.321,2.0,17.0
340.0,55.411,-0.511,-0.779,0.839,0.542,0.771,1.132,1.999,5.063,8.565,3.039,0.118,4.0,16.0
341.0,28.432,-0.395,0.775,0.006,5.397,0.963,0.565,0.02,0.849,2.137,0.248,0.505,6.0,15.0
342.0,56.944,0.829,3.006,-0.766,0.964,0.648,0.937,2.804,4.317,2.38,0.268,0.353,9.0,21.0
343.0,45.635,-0.936,-0.483,-0.673,1.099,1.189,1.168,0.666,4.031,4.422,2.506,0.25,3.0,22.0
344.0,38.375,-0.365,3.06,-0.775,1.086,1.195,0.683,4.082,2.047,2.466,0.353,0.841,5.0,13.0
345.0,44.241,-0.096,-2.566,-0.448,2.402,0.931,0.973,0.418,3.428,0.213,2.419,0.177,4.0,15.0
346.0,47.709,-0.853,-1.426,-0.566,0.781,0.726,1.448,0.075,1.967,1.438,0.072,0.234,3.0,16.0
347.0,38.76,0.211,0.028,0.852,0.223,0.835,1.061,0.756,0.536,8.726,2.121,0.128,2.0,22.0
348.0,51.837,-0.459,0.815,1.515,0.908,2.434,1.004,0.057,8.481,1.031,1.5,0.526,2.0,22.0
349.0,61.365,1.821,-1.25,1.184,0.319,1.748,0.912,3.011,0.369,0.966,0.75,0.286,2.0,28.0
350.0,58.587,-0.25,-0.596,-1.491,1.334,0.412,1.114,1.424,0.718,5.25,2.263,0.177,6.0,18.0
351.0,48.914,0.401,2.18,-0.447,0.98,0.348,1.403,0.026,0.336,8.831,1.457,0.026,8.0,17.0
352.0,33.683,0.215,1.26,0.949,0.497,0.833,0.991,0.432,0.03,1.152,0.22,1.12,3.0,10.0
353.0,46.5,0.863,0.813,0.849,2.149,1.057,1.065,1.935,3.001,1.112,0.981,0.423,6.0,15.0
354.0,65.167,-0.203,-1.702,-1.103,1.218,0.911,0.665,0.701,0.454,1.938,0.954,0.176,4.0,22.0
355.0,51.959,-0.901,-0.051,0.977,0.761,1.057,1.099,0.827,4.465,1.132,0.513,0.839,3.0,17.0
356.0,54.97,0.192,1.06,0.119,1.864,2.655,0.869,0.113,1.681,3.043,2.198,0.142,3.0,14.0
357.0,43.329,-1.097,1.083,-1.154,0.96,0.599,0.806,0.053,0.786,2.985,2.087,0.561,2.0,14.0
358.0,59.364,1.48,-2.434,-0.904,0.642,2.025,1.102,0.266,0.595,3.494,0.345,0.123,5.0,19.0
359.0,51.286,-0.318,0.326,-0.716,0.64,2.071,0.847,0.149,0.975,0.572,0.435,0.34,3.0,11.0
360.0,52.769,-1.194,-0.079,-0.326,0.83,1.967,1.066,1.676,0.922,2.592,0.032,1.16,2.0,11.0
361.0,39.302,0.413,0.796,-1.629,0.444,0.946,1.028,0.236,6.555,3.125,0.447,0.41,5.0,21.0
362.0,54.684,-0.947,-0.273,-3.004,0.238,0.496,1.099,0.926,1.948,2.234,4.537,0.137,1.0,11.0
363.0,62.166,-1.328,-0.284,-0.756,0.298,0.828,0.931,0.0,2.105,4.286,3.104,0.015,3.0,15.0
364.0,78.546,0.076,0.571,-2.113,0.806,1.176,0.858,0.71,2.563,1.559,0.527,0.405,7.0,13.0
365.0,41.367,1.664,2.196,0.133,0.647,1.548,0.954,3.75,1.241,2.459,0.452,0.146,4.0,23.0
366.0,43.952,-1.378,-1.726,0.329,1.337,0.487,1.229,0.359,0.73,0.918,1.133,0.402,2.0,12.0
367.0,65.741,0.143,-0.885,0.16,1.123,0.931,0.766,0.467,1.062,4.893,1.001,0.32,2.0,10.0
368.0,39.918,1.098,-0.91,-0.868,4.799,0.53,0.454,0.621,2.256,9.044,0.74,0.563,2.0,15.0
369.0,59.182,0.75,-0.953,0.901,0.738,0.22,0.673,1.794,0.293,5.622,2.616,0.437,1.0,17.0
370.0,36.328,0.336,-0.201,0.444,1.498,0.695,0.676,2.961,9.639,5.148,0.958,0.261,2.0,13.0
371.0,58.038,-0.512,-3.142,-0.313,0.324,0.501,1.01,1.305,4.825,3.631,0.125,0.613,6.0,14.0
372.0,46.475,0.022,-0.112,0.854,0.317,0.484,1.152,2.059,0.163,6.091,0.645,0.19,5.0,22.0
373.0,62.4,0.434,2.456,-1.365,0.627,0.924,0.874,1.549,2.246,2.127,0.523,0.113,4.0,18.0
374.0,46.293,-1.562,-6.849,0.101,2.707,0.98,0.799,0.0,2.726,2.152,1.462,0.712,4.0,19.0
375.0,45.42,1.331,0.684,-0.593,0.672,0.588,0.814,6.419,2.058,6.347,1.547,0.387,3.0,21.0
376.0,51.707,1.995,2.624,-0.42,0.777,0.923,0.885,5.99,1.779,0.54,0.391,0.029,3.0,16.0
377.0,49.963,-0.317,-0.014,-0.444,2.99,0.884,0.867,0.401,1.006,5.545,1.504,0.196,6.0,17.0
378.0,38.783,1.018,0.679,-0.168,0.362,0.806,1.042,3.203,11.568,4.667,0.783,0.317,1.0,20.0
379.0,34.597,1.006,0.735,1.382,0.86,1.068,2.173,0.159,5.748,1.352,3.462,0.688,3.0,14.0
380.0,40.063,0.839,-0.028,0.648,0.414,1.311,0.961,2.902,0.686,6.873,0.448,0.007,2.0,22.0
381.0,48.308,-0.739,0.483,0.719,2.259,1.648,1.37,4.97,6.453,2.536,1.894,0.001,10.0,10.0
382.0,60.6,-0.051,-0.045,1.315,0.683,1.188,1.712,0.469,0.925,0.41,0.733,0.107,1.0,15.0
383.0,56.822,-0.554,0.731,1.068,2.022,0.775,1.126,0.002,0.251,0.231,0.48,0.069,12.0,16.0
384.0,56.467,-0.825,-0.699,-0.628,1.675,0.834,1.101,2.138,5.01,2.414,1.062,0.035,6.0,13.0
385.0,54.654,0.975,-0.851,2.551,1.588,0.305,0.786,0.229,3.015,0.498,1.474,0.016,5.0,16.0
386.0,41.366,0.065,-0.361,0.649,1.52,0.285,0.806,0.137,3.258,4.064,1.583,0.075,3.0,13.0
387.0,58.211,-0.26,-1.216,0.38,3.8,0.815,1.654,0.049,1.345,1.256,0.32,0.249,3.0,18.0
388.0,59.334,-0.625,-1.445,-0.264,1.097,0.484,0.942,0.004,9.892,6.039,0.805,0.044,2.0,15.0
389.0,41.548,-0.442,-0.075,0.757,3.377,0.27,0.871,0.015,2.646,7.521,0.412,0.541,3.0,17.0
390.0,54.095,0.493,1.127,-0.371,1.074,2.196,0.769,0.009,0.633,0.687,1.232,0.015,5.0,13.0
391.0,61.414,0.965,0.139,-0.67,1.92,1.072,0.881,0.328,2.42,1.947,1.269,0.077,1.0,20.0
392.0,57.99,0.814,-0.919,-1.362,0.406,0.65,0.767,0.001,0.021,0.698,0.268,0.078,5.0,22.0
393.0,58.855,-2.445,1.732,0.185,1.199,1.197,1.0,1.159,5.328,2.144,1.729,0.184,4.0,18.0
394.0,53.551,-1.929,-0.539,1.001,2.807,0.825,1.313,0.032,0.591,1.058,0.633,0.867,1.0,20.0
395.0,36.662,-0.669,3.096,-0.098,0.481,1.717,1.235,0.028,12.924,4.315,0.124,0.138,8.0,16.0
396.0,42.268,-1.608,-4.676,0.56,1.196,0.917,0.863,0.095,3.559,7.627,2.736,0.887,4.0,18.0
397.0,51.847,0.883,1.792,-0.525,0.331,0.96,1.52,2.1,0.794,5.748,0.407,0.099,5.0,19.0
398.0,40.388,-1.471,-0.571,0.66,0.717,0.86,0.388,0.923,0.272,3.63,0.112,0.104,1.0,14.0
399.0,49.626,0.12,-0.698,2.891,0.247,0.582,1.324,0.054,1.312,5.175,1.446,0.212,5.0,14.0
400.0,38.747,0.531,-2.58,1.42,1.457,0.841,0.805,0.052,1.378,1.289,0.193,0.146,4.0,17.0
401.0,42.716,-0.332,-0.775,-1.595,1.513,1.04,0.959,0.995,9.219,0.189,1.086,0.024,4.0,12.0
402.0,51.587,-0.459,2.481,-0.218,0.939,0.457,0.644,1.216,0.406,2.112,0.351,0.053,4.0,17.0
403.0,26.894,-0.808,-0.864,-0.62,0.546,0.538,0.974,0.007,2.217,7.093,0.015,0.822,4.0,14.0
404.0,57.266,-0.103,-0.181,-0.914,1.242,2.738,0.832,3.494,1.559,1.745,2.368,1.054,3.0,14.0
405.0,27.846,-0.166,-1.13,0.545,0.429,1.081,1.387,0.007,0.556,0.397,1.216,0.052,5.0,27.0
406.0,62.886,-1.288,2.758,0.366,1.79,0.966,0.69,3.392,2.144,6.646,0.357,0.202,5.0,16.0
407.0,37.842,-1.568,0.057,1.134,0.157,0.451,0.684,0.062,2.992,2.295,3.414,0.137,3.0,13.0
408.0,38.528,-0.128,-0.217,2.286,0.972,1.372,1.118,0.019,0.013,4.473,1.935,0.227,6.0,11.0
409.0,40.461,1.445,0.994,0.434,0.934,0.676,0.915,0.076,1.305,6.835,1.502,0.046,0.0,15.0
410.0,48.492,-1.591,-0.015,-0.041,2.485,0.632,1.111,2.082,1.198,2.572,0.733,0.201,2.0,11.0
411.0,36.682,-0.112,-0.643,0.248,0.487,0.339,1.223,0.247,1.996,9.228,2.504,0.004,4.0,13.0
412.0,46.146,-1.555,0.908,0.068,0.12,1.01,0.632,0.126,0.058,5.093,1.937,0.011,4.0,20.0
413.0,54.23,0.396,-0.341,0.214,0.559,0.389,1.225,2.732,3.069,1.367,0.77,0.056,7.0,15.0
414.0,37.137,-0.825,-2.027,1.105,1.38,0.426,0.924,0.475,7.507,2.193,1.866,0.357,4.0,13.0
415.0,42.226,0.062,2.174,-0.32,0.641,0.717,1.161,1.597,2.156,2.364,0.037,0.42,3.0,16.0
416.0,49.884,1.76,0.242,1.089,2.056,1.529,0.966,0.767,0.088,2.121,1.064,0.093,3.0,17.0
417.0,55.587,-0.84,-2.824,-0.314,0.846,0.771,1.308,6.344,0.697,0.261,0.248,0.121,1.0,15.0
418.0,54.319,1.25,1.418,0.798,1.084,1.144,0.797,0.201,3.356,1.725,0.065,0.113,3.0,16.0
419.0,53.499,-2.421,-0.499,1.075,1.279,1.67,0.741,1.977,0.477,0.4,2.4,0.64,4.0,14.0
420.0,50.455,1.293,0.957,1.4,0.976,1.36,0.753,1.945,4.539,3.327,1.096,0.201,3.0,17.0
421.0,43.848,0.115,0.891,-1.283,0.444,1.071,0.937,0.547,2.147,0.465,2.203,0.454,5.0,12.0
422.0,53.541,1.437,-4.079,-0.305,0.48,0.578,1.473,1.504,1.917,1.024,0.478,0.988,7.0,19.0
423.0,42.722,0.003,-0.44,-1.582,1.145,0.288,1.224,2.677,0.079,3.204,0.747,0.134,2.0,26.0
424.0,57.976,0.261,-1.038,0.25,0.647,0.758,1.026,3.327,0.528,2.04,0.447,0.376,4.0,14.0
425.0,51.66,0.928,-0.266,-0.106,1.183,1.705,0.608,0.316,0.797,2.112,0.347,0.137,8.0,13.0
426.0,43.191,-0.347,5.167,0.603,0.422,1.111,1.074,0.848,4.074,0.142,0.386,0.152,5.0,3.0
427.0,35.676,-2.41,1.246,-0.909,0.55,1.184,0.876,0.815,2.556,3.837,0.533,0.11,4.0,21.0
428.0,59.036,-0.276,1.896,0.07,5.309,2.24,0.979,0.337,3.309,3.653,0.219,0.327,7.0,15.0
429.0,63.018,-0.326,1.522,-0.039,0.397,0.7,1.029,3.412,1.777,1.018,0.218,0.183,1.0,7.0
430.0,62.61,-0.959,0.651,1.242,0.098,0.311,0.76,0.187,1.214,1.339,1.735,0.073,2.0,25.0
431.0,60.832,-0.353,0.375,-0.358,0.238,1.624,0.941,0.014,0.065,4.34,1.327,0.535,3.0,22.0
432.0,44.258,-0.255,-1.958,0.636,2.634,0.969,0.506,0.358,6.354,4.858,0.526,1.008,3.0,8.0
433.0,64.005,-1.449,0.808,0.178,1.891,1.062,0.976,1.325,0.16,1.054,0.744,0.601,3.0,16.0
434.0,51.523,1.321,5.379,0.237,0.659,0.293,0.644,1.948,0.987,0.88,1.973,0.25,6.0,19.0
435.0,64.543,-1.216,0.857,0.389,1.687,0.706,0.743,0.933,0.458,3.652,0.251,0.468,2.0,24.0
436.0,59.933,0.361,-1.632,-0.948,0.638,1.425,0.95,0.157,4.68,1.811,1.536,0.345,1.0,13.0
437.0,52.953,-0.625,0.314,0.976,0.256,0.863,1.162,0.032,0.594,4.46,0.832,0.282,1.0,13.0
438.0,54.902,-0.795,0.639,-0.544,0.411,1.025,0.957,0.003,1.361,3.684,0.007,0.662,2.0,14.0
439.0,59.202,0.586,0.377,0.983,1.352,0.383,0.705,0.683,0.668,7.155,2.128,0.182,8.0,13.0
440.0,40.022,-1.621,0.236,0.077,0.026,0.962,1.216,0.015,0.256,2.582,1.172,0.069,6.0,17.0
441.0,38.65,0.184,-0.409,-2.86,2.44,0.901,1.111,0.165,1.183,2.275,0.839,0.168,4.0,8.0
442.0,54.62,0.808,2.482,1.117,2.686,0.578,1.043,0.858,2.143,4.098,0.191,1.141,4.0,21.0
443.0,65.499,0.02,0.213,-0.03,0.384,1.042,1.024,2.793,0.563,2.442,1.714,0.638,2.0,16.0
444.0,42.784,-0.46,-0.67,-0.068,0.571,0.341,1.366,0.506,2.785,5.381,0.342,1.021,3.0,12.0
445.0,54.917,-1.021,0.582,-0.263,0.766,1.062,1.111,0.002,0.592,5.784,0.145,0.125,3.0,17.0
446.0,31.518,0.388,0.317,0.155,1.863,0.404,1.223,0.156,3.371,2.273,0.147,0.144,5.0,12.0
447.0,49.638,2.002,-0.302,-1.029,1.326,0.839,1.173,0.063,0.867,4.066,1.805,0.731,2.0,8.0
448.0,36.869,-0.903,0.877,-0.294,0.338,1.335,0.978,5.973,1.424,1.068,0.323,0.443,6.0,13.0
449.0,47.16,0.138,0.179,-2.266,0.888,0.441,1.176,0.012,4.99,4.74,0.132,0.32,3.0,15.0
450.0,73.589,0.779,-4.609,-0.756,0.624,1.123,1.306,1.199,0.526,7.492,0.043,0.003,1.0,14.0
451.0,30.383,0.428,-0.658,-0.611,0.227,0.794,0.903,0.002,3.259,5.379,0.459,0.963,3.0,14.0
452.0,55.626,0.167,0.614,-0.666,1.526,0.569,0.784,2.019,0.358,0.669,0.226,0.48,4.0,12.0
453.0,56.221,0.127,0.249,0.17,1.011,1.499,1.069,0.114,2.311,1.656,0.798,0.059,10.0,21.0
454.0,36.582,-0.324,-2.901,-1.493,0.888,0.721,0.893,0.541,1.754,2.992,0.054,0.119,2.0,17.0
455.0,48.974,-1.144,0.907,-0.279,0.7,0.867,1.056,0.423,0.118,4.112,1.44,0.366,4.0,17.0
456.0,42.299,-0.47,0.595,-1.589,0.716,1.327,0.553,0.022,0.925,1.645,0.316,0.233,8.0,17.0
457.0,32.668,0.491,-0.875,-0.762,1.037,0.318,1.302,0.462,2.959,1.333,0.015,0.201,5.0,28.0
458.0,62.604,-0.394,0.294,1.527,0.966,1.25,1.446,0.899,2.068,1.093,0.026,0.241,1.0,14.0
459.0,53.232,-0.801,0.798,-0.005,0.92,0.691,0.925,2.212,2.985,3.781,1.974,0.083,4.0,17.0
460.0,52.166,-1.407,0.067,-0.834,2.456,0.99,1.547,0.873,1.04,6.91,0.176,0.074,1.0,11.0
461.0,67.302,-0.584,1.381,0.824,1.019,1.077,0.574,0.0,1.742,1.132,0.407,0.245,4.0,16.0
462.0,57.795,-0.386,1.019,-0.302,1.53,1.486,1.23,0.031,2.71,6.243,2.01,0.119,3.0,15.0
463.0,47.741,-0.193,-1.149,-0.23,0.379,1.204,1.915,2.378,0.139,3.779,0.383,0.023,5.0,16.0
464.0,54.842,2.102,0.555,0.842,0.181,1.22,1.058,0.114,4.651,4.109,1.815,0.877,4.0,10.0
465.0,47.985,-0.518,-0.129,0.768,1.821,0.355,0.898,0.058,0.199,0.961,0.328,0.108,4.0,19.0
466.0,50.732,-0.479,-1.292,-3.07,0.934,0.961,1.185,0.116,1.897,1.101,2.323,1.528,6.0,9.0
467.0,48.872,-0.248,-0.018,-1.585,0.596,0.585,1.11,0.006,1.642,0.697,7.348,1.344,4.0,15.0
468.0,61.2,1.688,-0.219,-0.459,0.603,0.666,0.692,2.68,2.719,3.357,0.155,0.149,4.0,28.0
469.0,60.121,-0.383,0.417,1.056,1.266,0.863,1.081,0.592,0.076,3.609,0.609,0.022,6.0,18.0
470.0,49.07,0.14,-1.106,0.781,0.892,0.692,1.211,6.354,0.336,4.067,0.49,0.065,2.0,18.0
471.0,51.889,-1.195,-0.998,-0.603,0.819,1.152,1.346,0.549,6.598,3.937,1.204,0.777,4.0,17.0
472.0,49.292,1.355,-1.941,-0.228,1.573,1.347,0.764,0.023,1.286,1.118,2.738,0.301,4.0,17.0
473.0,50.354,0.49,-0.228,-1.668,0.65,0.487,0.471,0.03,3.801,0.898,0.618,0.869,3.0,22.0
474.0,72.866,-1.052,2.513,-0.751,2.422,1.219,0.518,0.031,1.421,6.654,0.197,0.393,2.0,14.0
475.0,58.373,-0.972,-0.564,-0.636,2.764,0.283,0.756,0.023,0.568,4.458,0.508,0.197,4.0,14.0
476.0,46.18,1.081,-0.678,0.451,1.1,3.575,1.073,3.943,1.661,1.178,1.211,0.019,3.0,18.0
477.0,52.41,-0.01,-0.556,-1.044,0.623,1.457,0.907,0.019,1.835,0.59,0.114,0.754,5.0,11.0
478.0,50.914,-1.502,-1.086,-1.689,0.2,0.845,0.768,0.038,1.584,1.089,0.839,0.601,3.0,23.0
479.0,48.018,0.536,1.41,1.107,1.573,1.049,1.198,0.694,2.006,1.988,0.583,0.073,3.0,14.0
480.0,40.436,2.199,-1.174,-0.764,0.786,1.319,0.623,0.671,1.865,0.689,1.636,0.029,2.0,15.0
481.0,63.988,-0.689,-0.487,-0.207,1.458,1.506,0.95,1.007,2.225,5.829,0.304,0.737,3.0,13.0
482.0,49.059,-0.97,-0.468,0.591,0.256,1.832,1.441,0.585,0.371,0.892,1.063,0.226,5.0,13.0
483.0,53.036,0.443,-0.327,0.584,1.554,1.709,0.846,0.892,0.895,1.732,0.413,0.047,4.0,22.0
484.0,49.264,2.131,-0.04,0.192,1.722,0.58,0.635,0.05,1.56,0.768,2.139,0.18,2.0,18.0
485.0,45.559,0.024,0.72,-0.557,1.523,1.289,0.76,8.735,1.886,0.953,1.763,0.18,2.0,20.0
486.0,45.207,-2.497,0.55,2.764,1.694,0.614,0.74,0.321,0.225,4.42,0.151,0.266,5.0,17.0
487.0,64.145,-1.491,4.157,-1.109,0.768,2.693,1.213,0.232,0.735,2.206,0.418,0.311,4.0,10.0
488.0,40.721,0.69,3.137,-0.29,1.219,1.051,1.052,0.236,0.535,1.085,0.193,1.244,9.0,22.0
489.0,56.184,1.74,1.161,-0.658,0.449,0.944,1.715,0.001,1.049,4.805,3.037,0.449,4.0,7.0
490.0,13.4,-1.294,2.118,-1.119,0.625,1.744,0.422,0.566,5.734,6.125,0.915,0.209,1.0,22.0
491.0,54.607,0.344,2.142,-0.008,1.021,0.473,0.582,1.854,0.468,1.546,0.8,0.808,5.0,16.0
492.0,50.796,-1.039,0.9,3.138,0.907,1.14,1.225,2.272,0.343,1.313,1.566,0.144,2.0,16.0
493.0,43.933,-0.799,-1.752,0.715,0.649,1.778,1.073,1.22,1.771,0.59,0.944,0.123,1.0,17.0
494.0,49.661,-0.055,-1.006,-0.246,0.496,1.334,0.779,0.0,0.009,1.446,0.237,0.194,4.0,16.0
495.0,49.461,0.782,1.435,0.39,0.301,1.86,1.1,1.379,1.428,0.183,1.307,0.464,5.0,19.0
496.0,58.951,0.029,0.933,0.445,0.841,2.039,1.097,0.634,1.764,1.879,0.434,0.217,3.0,21.0
497.0,67.927,0.042,1.547,0.417,0.826,1.099,0.571,1.042,0.131,4.111,0.61,0.356,4.0,12.0
498.0,26.152,1.395,0.131,-0.608,1.436,0.585,1.196,1.291,0.301,6.432,0.034,0.077,5.0,23.0
499.0,31.415,0.347,0.695,-1.566,1.122,0.438,0.667,3.119,0.165,1.864,1.277,0.134,6.0,22.0
500.0,55.782,-1.356,2.98,0.876,0.587,1.599,1.008,0.007,6.883,0.686,0.311,1.122,0.0,13.0
501.0,58.944,-1.81,-0.159,2.311,0.366,2.099,1.015,0.622,0.433,1.666,2.133,0.675,5.0,15.0
502.0,50.458,-1.732,4.962,-1.248,3.194,0.981,0.938,0.052,2.127,2.747,0.494,0.43,2.0,19.0
503.0,55.39,-0.211,0.128,2.043,1.706,1.093,1.203,3.211,1.709,1.375,0.684,0.512,4.0,11.0
504.0,42.018,0.759,0.168,0.299,1.299,0.573,1.924,1.298,0.258,0.993,1.307,0.735,3.0,18.0
505.0,57.27,0.553,-4.36,-1.655,2.3,1.125,0.798,0.556,0.604,3.271,0.162,0.546,2.0,21.0
506.0,58.76,0.195,1.462,-1.588,1.009,1.05,0.741,2.115,1.943,6.949,0.336,0.37,4.0,14.0
507.0,65.93,-0.397,-0.31,0.158,0.934,0.636,0.672,0.987,2.677,0.867,0.427,0.094,5.0,10.0
508.0,37.417,-1.806,-2.151,1.704,1.096,1.267,0.995,4.098,0.916,1.189,0.349,0.383,3.0,14.0
509.0,53.311,1.369,0.301,0.557,0.686,0.253,1.529,0.397,1.174,0.912,1.25,0.066,9.0,26.0
510.0,64.456,-0.548,-4.764,-0.139,2.6,1.072,0.644,0.162,0.867,1.196,0.002,0.114,2.0,15.0
511.0,36.5,0.159,0.15,-0.57,0.868,0.48,1.279,0.531,0.293,5.492,0.847,0.57,12.0,18.0
512.0,41.686,1.328,-1.232,-0.183,1.91,0.628,0.706,0.017,3.317,3.742,0.223,0.581,4.0,9.0
513.0,34.998,0.546,-0.276,-2.113,1.122,0.48,1.006,0.715,0.847,0.345,0.676,1.854,2.0,15.0
514.0,56.483,-0.179,-0.304,0.79,1.174,0.53,1.273,1.628,0.327,3.063,2.608,0.24,7.0,19.0
515.0,48.792,-0.057,-2.848,-0.351,0.897,0.651,0.783,0.538,0.547,5.867,1.001,0.446,5.0,9.0
516.0,54.153,0.277,0.668,0.271,0.922,1.565,0.651,0.623,0.574,3.935,1.894,0.271,1.0,23.0
517.0,33.63,1.429,1.192,0.675,1.202,0.594,0.966,5.083,1.379,0.21,0.584,0.315,7.0,21.0
518.0,41.854,0.433,1.841,-0.342,0.762,0.548,0.593,0.0,6.677,0.144,0.315,0.422,2.0,18.0
519.0,27.256,0.41,0.25,0.852,0.83,1.746,0.829,0.225,1.927,5.84,0.004,0.09,1.0,8.0
520.0,39.464,0.342,0.826,-0.373,0.197,0.934,1.114,0.138,1.765,5.348,1.632,0.201,4.0,16.0
521.0,42.508,-0.483,1.63,-0.333,1.196,0.376,0.839,0.404,0.073,4.873,1.794,0.05,2.0,13.0
522.0,38.593,-0.253,1.04,-1.684,1.048,0.467,1.156,1.504,0.329,1.948,0.883,0.121,4.0,15.0
523.0,42.16,-0.499,-1.272,-1.985,2.1,0.913,0.796,1.301,2.644,3.618,1.948,0.047,3.0,10.0
524.0,60.594,-0.363,-4.496,0.253,3.087,0.298,1.305,0.229,0.158,1.405,1.908,0.104,1.0,17.0
525.0,56.476,-0.416,1.437,-0.405,1.46,0.74,1.208,0.142,3.486,1.774,0.977,0.117,3.0,14.0
526.0,60.703,-1.251,0.658,1.562,0.647,0.709,0.721,0.171,2.956,6.57,2.868,0.105,4.0,14.0
527.0,37.278,0.057,-0.828,-0.236,1.618,0.644,0.918,0.058,0.575,1.64,0.547,0.211,5.0,16.0
528.0,45.747,0.732,0.352,-1.53,1.856,1.861,0.638,0.558,0.497,1.639,0.535,1.64,7.0,11.0
529.0,35.296,-0.728,-1.199,1.004,2.102,0.458,1.216,0.079,2.156,5.399,0.613,0.17,3.0,15.0
530.0,63.666,1.108,-0.057,-0.313,0.489,0.375,0.965,0.176,0.51,1.281,0.725,0.428,4.0,13.0
531.0,41.435,-0.721,0.291,0.521,0.592,0.726,0.609,0.213,0.757,2.1,0.109,0.19,6.0,15.0
532.0,53.057,-0.367,-0.449,2.016,0.728,0.892,1.166,1.492,1.954,2.146,0.036,0.04,2.0,15.0
533.0,58.663,-0.079,8.205,1.514,0.188,0.53,1.032,0.006,2.51,1.948,0.448,1.503,5.0,15.0
534.0,53.348,0.51,-2.4,-0.58,0.053,0.573,1.137,1.149,0.072,2.897,0.651,0.39,5.0,18.0
535.0,52.75,2.127,-1.378,-0.483,2.86,0.578,0.897,0.066,8.561,1.599,0.603,0.056,1.0,14.0
536.0,46.745,0.557,4.624,0.118,5.296,1.794,1.019,0.012,0.649,1.583,0.141,0.157,4.0,16.0
537.0,56.539,-0.15,-0.065,-0.477,0.862,0.572,0.548,0.049,1.756,1.823,1.25,0.254,5.0,14.0
538.0,29.182,0.491,-0.411,0.277,1.983,1.031,0.978,0.373,0.123,6.4,1.003,0.131,4.0,18.0
539.0,63.54,0.72,-0.534,-2.171,0.91,0.551,1.195,0.692,0.695,1.302,0.747,0.032,2.0,23.0
540.0,39.818,-0.091,0.129,0.593,0.263,0.887,1.158,0.144,0.728,0.84,0.341,0.238,4.0,17.0
541.0,34.816,-2.105,0.475,-1.614,0.446,0.725,0.972,0.012,0.227,5.072,0.65,0.498,2.0,16.0
542.0,61.112,1.383,0.79,0.042,0.535,0.956,1.14,1.222,2.223,2.534,0.153,0.148,3.0,19.0
543.0,43.185,-0.332,4.405,0.358,0.756,0.471,0.839,0.199,1.134,5.644,1.398,0.231,2.0,9.0
544.0,38.299,0.323,0.604,-0.104,1.846,0.534,0.856,0.039,4.525,1.759,0.843,0.191,6.0,12.0
545.0,53.925,-0.003,0.115,-1.431,1.728,0.505,1.036,0.596,1.483,3.937,1.897,0.583,2.0,12.0
546.0,44.938,-0.074,-0.531,-0.179,0.756,0.564,0.768,0.024,0.021,2.869,1.111,0.389,3.0,14.0
547.0,29.386,0.654,1.488,-0.048,0.507,0.75,0.844,0.446,3.037,0.169,0.066,0.576,7.0,19.0
548.0,70.236,0.964,4.048,-0.69,0.109,0.809,0.877,0.679,6.71,2.198,2.891,0.161,5.0,11.0
549.0,63.812,-0.399,0.335,0.173,1.594,1.257,0.916,2.715,2.776,6.459,0.307,0.109,1.0,18.0
550.0,54.705,0.239,-0.25,0.887,2.448,0.374,0.835,0.411,2.433,2.612,0.126,1.297,1.0,7.0
551.0,53.025,-1.524,2.274,0.621,2.935,0.986,0.944,3.063,0.029,7.715,0.55,0.432,6.0,14.0
552.0,48.394,3.362,-2.451,-0.177,2.617,0.574,1.642,1.711,0.803,3.029,0.373,0.061,3.0,13.0
553.0,65.163,0.643,0.514,-0.305,1.232,0.678,0.695,1.524,6.128,2.288,0.113,0.301,4.0,17.0
554.0,68.013,-0.599,-0.147,1.12,1.072,0.551,0.702,0.223,0.605,3.289,0.001,0.203,7.0,24.0
555.0,49.306,0.172,0.167,-0.107,1.27,0.805,1.106,0.18,2.595,4.289,0.27,0.701,6.0,11.0
556.0,65.777,0.497,1.273,-0.374,0.902,3.939,0.824,0.0,0.123,3.94,0.193,0.07,4.0,10.0
557.0,37.51,0.141,0.544,-1.102,2.078,0.889,1.41,3.912,3.88,4.795,0.309,0.253,5.0,24.0
558.0,40.868,-0.703,-5.671,0.127,1.037,0.46,0.71,5.04,2.979,4.2,0.034,0.478,5.0,23.0
559.0,56.332,0.214,-0.482,2.341,0.552,0.63,1.451,4.885,3.456,0.538,1.482,0.225,4.0,18.0
560.0,50.974,-0.099,-3.272,1.561,2.331,0.793,0.972,0.241,0.344,4.814,0.459,0.02,7.0,19.0
561.0,51.329,-1.045,-0.138,-1.587,0.31,1.337,1.184,0.52,2.99,1.889,0.104,0.065,2.0,18.0
562.0,54.327,1.858,-2.914,0.068,0.027,1.084,1.808,0.021,2.544,0.305,3.981,1.406,5.0,19.0
563.0,38.889,0.867,1.995,0.357,1.26,1.021,0.853,2.61,0.831,0.95,0.673,0.687,3.0,14.0
564.0,57.607,0.379,0.767,-0.695,1.506,0.346,0.644,0.707,0.596,4.835,0.65,0.05,3.0,14.0
565.0,62.121,0.695,-3.324,-0.64,0.759,0.817,1.553,0.055,1.693,1.124,0.135,0.051,5.0,11.0
566.0,26.553,0.82,3.115,-0.593,1.776,1.24,0.875,0.197,1.214,4.454,0.392,0.031,6.0,23.0
567.0,58.19,-0.903,0.82,-0.247,1.13,1.28,0.802,0.012,11.268,4.747,0.256,0.111,3.0,21.0
568.0,54.839,-0.756,-3.434,0.945,1.751,2.464,1.189,0.002,0.651,4.52,1.455,0.02,3.0,19.0
569.0,37.492,1.281,1.418,0.326,0.797,0.685,1.192,0.308,0.912,2.015,0.077,1.34,3.0,15.0
570.0,52.476,0.363,0.046,-0.984,0.222,0.872,0.631,0.264,0.743,0.56,0.154,0.744,4.0,16.0
571.0,60.586,-0.264,-0.366,-1.316,0.987,1.418,0.759,0.022,1.998,0.279,0.883,0.352,5.0,19.0
572.0,51.637,-1.658,0.659,1.04,11.104,0.599,0.832,0.98,2.257,1.409,2.694,0.095,4.0,18.0
573.0,30.216,-1.592,-0.589,0.021,0.906,0.914,0.838,0.003,2.845,1.212,1.075,0.347,4.0,16.0
574.0,47.041,-1.61,-1.14,-1.208,0.573,0.685,1.186,1.285,2.244,1.955,0.046,0.658,3.0,11.0
575.0,50.278,-1.039,-0.645,-0.91,1.266,0.94,0.927,0.314,4.208,4.414,0.429,0.409,3.0,12.0
576.0,60.455,0.704,-0.18,0.505,0.609,1.233,0.613,1.411,0.223,0.879,0.52,0.751,1.0,14.0
577.0,39.591,1.028,0.771,0.048,0.207,0.652,0.985,0.313,0.335,1.441,0.842,0.025,4.0,16.0
578.0,47.221,0.29,0.073,0.854,1.23,1.731,0.932,0.021,2.258,3.839,0.749,0.459,6.0,15.0
579.0,45.244,0.327,0.019,-0.054,0.322,0.639,1.387,3.447,0.199,4.35,2.454,0.321,5.0,16.0
580.0,43.323,0.207,2.194,-2.114,4.021,0.454,0.616,0.507,2.203,2.15,1.081,0.013,3.0,26.0
581.0,38.595,-0.493,1.803,0.853,0.519,1.416,0.689,0.943,1.722,5.602,0.085,0.226,0.0,18.0
582.0,52.758,-2.188,-0.292,0.912,0.348,0.36,0.881,0.012,0.826,2.05,0.731,0.056,1.0,9.0
583.0,33.856,-1.31,0.305,-0.824,1.773,0.342,1.776,0.536,3.136,1.594,0.342,0.176,1.0,12.0
584.0,44.719,-0.456,-0.524,-0.516,0.529,0.354,1.44,0.008,5.844,3.421,0.96,1.653,6.0,13.0
585.0,55.376,-2.538,0.667,-0.081,1.455,1.375,0.93,0.657,5.24,3.816,0.011,0.265,1.0,18.0
586.0,35.514,-0.689,-0.344,0.494,2.671,1.336,0.804,2.138,0.037,1.162,0.5,0.256,2.0,16.0
587.0,67.988,-0.967,0.292,0.101,2.376,0.971,1.182,1.077,2.662,2.313,0.537,0.019,6.0,18.0
588.0,44.281,-0.362,0.02,-0.54,2.128,0.507,0.968,0.299,0.076,0.316,1.678,0.479,3.0,14.0
589.0,61.034,0.366,-0.515,-0.125,0.36,0.384,0.87,1.632,1.919,3.155,0.715,0.098,2.0,21.0
590.0,51.142,-0.486,2.354,-1.836,3.01,2.362,1.189,0.499,1.467,2.387,1.221,0.403,6.0,18.0
591.0,33.119,-0.413,0.091,-0.4,1.309,1.377,0.918,0.032,0.727,8.21,0.324,0.689,4.0,15.0
592.0,34.89,0.058,0.217,-0.771,0.42,0.692,0.677,0.0,2.719,2.34,3.905,0.05,4.0,10.0
593.0,60.143,-0.672,-1.991,1.061,0.372,1.105,1.083,0.235,0.543,2.254,0.295,0.466,3.0,18.0
594.0,60.458,-0.225,-5.546,-1.147,1.26,0.426,0.957,2.686,4.425,0.311,3.128,0.027,3.0,14.0
595.0,38.192,0.114,-0.634,0.204,0.096,0.643,0.705,0.603,1.755,1.056,1.836,0.069,4.0,16.0
596.0,49.585,0.24,1.981,0.476,0.95,2.244,1.582,0.0,0.038,3.669,4.104,0.862,6.0,9.0
597.0,30.157,0.755,0.346,0.529,0.607,0.649,0.987,0.017,0.152,1.609,2.446,0.73,3.0,10.0
598.0,55.735,-0.167,0.207,0.854,1.904,1.033,1.201,0.028,0.331,4.894,0.634,0.568,2.0,17.0
599.0,44.785,-1.085,1.084,2.673,0.697,0.744,1.175,0.419,0.005,6.261,1.28,0.007,4.0,17.0
600.0,59.25,0.804,-1.808,0.193,1.282,1.967,1.276,0.002,3.768,6.055,2.34,0.126,4.0,15.0
601.0,62.185,-0.027,-2.951,0.227,0.48,0.709,1.022,0.103,3.263,5.872,0.022,0.676,4.0,16.0
602.0,60.326,1.455,0.017,-1.26,1.07,0.394,0.4,0.0,0.778,2.199,0.216,0.011,1.0,17.0
603.0,50.476,0.728,1.171,-0.466,0.313,1.562,1.163,2.672,0.029,2.291,1.235,0.354,4.0,11.0
604.0,47.945,-1.7,-0.568,1.949,1.475,0.695,0.703,0.611,4.766,2.451,2.021,0.104,8.0,16.0
605.0,47.87,0.756,-1.32,1.548,2.147,0.786,1.302,3.592,1.552,1.744,0.236,0.481,3.0,15.0
606.0,67.984,-1.086,-0.342,1.203,1.118,0.99,1.073,0.728,0.762,4.67,0.06,0.404,5.0,19.0
607.0,41.43,0.131,-0.492,-1.852,0.953,0.997,0.567,0.168,2.174,0.772,0.633,0.068,4.0,10.0
608.0,40.812,-0.158,0.51,-3.006,0.798,0.697,0.761,0.435,1.072,6.707,0.574,0.122,1.0,9.0
609.0,64.653,-0.378,1.579,0.291,0.71,0.448,1.097,1.488,1.45,1.211,0.16,0.491,3.0,15.0
610.0,58.701,1.025,-0.473,-0.787,1.799,1.092,1.5,0.526,0.547,0.709,2.385,0.022,3.0,19.0
611.0,56.125,0.603,1.289,-0.173,1.119,0.477,0.43,0.705,3.637,1.298,0.639,0.026,5.0,17.0
612.0,49.751,-0.076,0.586,0.018,0.56,0.836,0.657,0.322,7.902,3.139,0.64,0.569,8.0,14.0
613.0,48.165,-1.229,-0.077,-1.67,1.205,0.981,0.76,0.003,1.689,0.747,0.498,0.178,5.0,11.0
614.0,35.171,-1.291,-0.577,-0.069,1.491,0.402,0.767,0.147,0.038,7.463,3.735,0.03,3.0,19.0
615.0,54.817,-0.058,-0.724,-1.678,0.197,1.987,1.009,0.057,0.658,6.375,0.1,0.002,7.0,16.0
616.0,61.187,-0.595,-0.046,1.097,1.03,0.509,0.54,0.536,2.482,4.311,1.712,0.107,6.0,14.0
617.0,39.008,-0.545,-6.429,-1.54,1.129,1.374,1.02,0.316,2.952,2.822,0.442,0.016,1.0,14.0
618.0,58.277,-0.017,-0.99,2.138,0.805,1.506,1.659,0.265,0.547,0.724,1.023,0.0,4.0,15.0
619.0,34.495,0.13,-0.23,0.009,1.51,0.986,1.043,0.13,3.27,6.875,0.281,0.368,6.0,20.0
620.0,58.646,-0.697,1.345,-0.192,2.099,0.586,1.106,2.824,0.447,8.438,0.043,0.178,8.0,17.0
621.0,48.539,-0.717,0.641,-1.035,1.418,2.168,1.166,0.497,0.351,2.231,1.587,0.074,2.0,17.0
622.0,31.61,-0.058,-1.772,-0.857,0.48,1.116,0.702,0.108,0.498,1.483,1.205,0.668,6.0,8.0
623.0,40.234,-0.012,0.606,-0.479,0.743,0.467,1.67,0.491,1.955,3.119,1.61,0.308,2.0,15.0
624.0,62.494,0.853,0.099,-0.56,0.771,1.591,0.71,0.172,5.971,1.535,0.247,0.406,5.0,11.0
625.0,62.434,1.005,-0.445,0.24,1.691,0.781,1.064,0.53,1.993,2.816,0.11,0.591,2.0,14.0
626.0,35.643,0.385,0.282,-1.003,1.03,2.036,1.212,0.604,4.814,4.189,0.248,0.374,8.0,14.0
627.0,41.863,1.23,-0.41,-1.46,1.081,1.743,0.839,0.425,0.301,5.493,0.225,0.057,4.0,14.0
628.0,39.014,0.705,1.7,0.951,0.626,1.07,1.227,0.004,2.595,3.72,0.196,0.25,4.0,18.0
629.0,58.049,0.301,-0.859,1.525,0.42,0.799,0.915,0.044,4.631,0.821,0.228,0.736,3.0,12.0
630.0,52.838,1.106,0.553,0.908,1.403,1.653,1.038,1.011,0.732,1.919,1.5,1.348,6.0,14.0
631.0,42.578,1.554,-1.033,-0.869,1.201,0.441,0.921,0.057,0.249,5.313,0.406,0.113,2.0,13.0
632.0,47.322,-0.289,-0.352,-0.638,2.026,0.987,1.039,0.105,2.6,4.507,1.273,0.446,5.0,16.0
633.0,58.305,-0.355,-2.795,-0.849,1.778,0.69,0.867,0.028,0.985,3.954,0.563,0.137,2.0,24.0
634.0,50.57,-0.677,-0.371,1.454,1.154,2.175,1.378,0.823,3.718,1.439,1.509,0.249,3.0,19.0
635.0,36.223,1.232,0.588,0.06,0.387,0.904,0.818,0.919,5.945,2.919,1.602,1.421,7.0,13.0
636.0,44.523,-1.019,1.12,1.19,8.298,0.417,1.248,0.018,3.18,0.44,0.306,0.482,5.0,17.0
637.0,58.349,-0.101,0.319,-0.367,0.627,0.741,1.195,0.616,7.304,1.685,0.601,0.086,3.0,14.0
638.0,40.843,1.388,1.619,-0.727,0.526,0.595,1.3,2.541,2.044,3.093,0.831,0.128,2.0,14.0
639.0,37.959,-0.278,-2.419,-0.31,2.396,0.445,0.888,5.2,0.597,2.76,0.415,0.647,3.0,18.0
640.0,38.981,1.009,-0.463,-1.105,1.14,0.606,0.764,0.322,3.344,1.669,1.587,0.146,5.0,15.0
641.0,40.651,-0.74,1.412,-0.468,0.482,1.104,0.962,1.382,3.337,1.259,0.248,0.083,7.0,13.0
642.0,41.438,0.652,0.63,-2.279,0.956,1.182,1.065,1.19,0.3,7.838,1.12,0.105,9.0,13.0
643.0,43.986,-1.938,4.809,1.109,2.147,0.808,1.264,0.766,8.119,2.311,0.477,0.086,8.0,26.0
644.0,36.765,0.296,-0.365,-0.698,0.175,1.03,0.772,0.127,0.883,2.218,3.994,0.525,5.0,12.0
645.0,69.592,-0.538,-1.081,0.591,0.338,1.312,1.182,2.112,2.622,9.685,2.706,0.811,5.0,11.0
646.0,49.745,-0.927,-1.623,-1.166,0.354,1.058,0.696,0.057,5.259,6.511,2.82,0.078,8.0,13.0
647.0,48.335,-0.513,0.569,0.964,0.78,0.276,0.648,0.0,0.141,3.58,0.624,0.507,4.0,15.0
648.0,54.199,0.46,-0.246,0.122,0.908,0.492,0.826,0.46,1.951,1.059,1.213,0.528,7.0,22.0
649.0,43.136,-0.223,0.729,1.059,0.206,0.595,0.873,0.06,6.331,1.995,0.898,1.115,7.0,16.0
650.0,42.426,-1.157,-0.771,0.032,3.055,0.758,1.233,0.22,0.486,0.164,0.495,0.087,4.0,14.0
651.0,37.686,1.999,-0.721,0.216,4.048,1.534,1.195,1.527,0.803,2.52,0.255,0.009,6.0,18.0
652.0,60.063,-0.633,-0.298,-0.731,1.46,0.564,1.314,4.875,9.937,0.794,0.032,1.398,0.0,16.0
653.0,55.137,0.127,-0.593,-0.845,0.367,0.437,1.39,1.216,1.147,1.616,0.555,0.223,2.0,18.0
654.0,57.52,1.635,-1.298,0.055,1.007,0.402,0.818,0.818,0.879,3.38,0.816,0.014,4.0,12.0
655.0,55.085,-0.335,0.189,-0.311,0.649,1.798,0.952,0.434,2.05,2.205,0.864,0.319,2.0,19.0
656.0,61.736,0.359,-0.429,0.861,0.609,0.678,0.893,2.807,1.418,1.788,1.649,0.176,7.0,18.0
657.0,41.148,0.395,-0.842,-0.327,2.168,1.48,0.614,2.647,4.509,1.246,4.973,0.397,5.0,14.0
658.0,62.126,0.628,2.908,2.05,0.99,0.504,0.999,0.329,0.047,1.192,0.092,0.426,4.0,13.0
659.0,57.308,-0.033,-0.254,-1.378,2.034,0.39,1.436,0.12,0.423,0.268,1.395,0.402,4.0,13.0
660.0,58.232,-2.092,-0.156,-0.254,0.822,0.51,0.807,0.713,2.228,3.563,1.178,0.275,3.0,17.0
661.0,70.006,0.633,-0.297,-2.098,0.743,0.227,1.19,0.107,2.253,5.157,0.637,0.218,2.0,20.0
662.0,54.871,-1.385,1.851,-2.472,0.73,0.506,0.831,1.783,1.854,5.392,0.577,0.191,3.0,14.0
663.0,35.085,0.377,-0.046,0.181,0.066,1.138,1.557,3.266,0.283,2.84,0.057,0.078,3.0,11.0
664.0,59.142,0.943,-0.5,0.54,0.362,0.529,0.798,0.207,8.162,9.273,0.092,0.177,4.0,21.0
665.0,58.082,0.941,1.097,-0.448,0.945,0.475,1.311,0.283,0.451,3.195,0.524,0.041,0.0,17.0
666.0,43.834,1.188,2.783,-0.845,1.441,1.069,0.748,0.001,2.066,0.626,0.074,0.409,6.0,16.0
667.0,53.313,-0.736,0.442,-1.962,1.75,0.691,1.275,3.096,0.357,1.741,0.378,0.278,8.0,10.0
668.0,49.95,-0.914,-0.094,0.712,1.838,0.759,1.574,0.442,0.012,0.347,0.203,0.167,8.0,12.0
669.0,53.947,0.687,1.096,-0.608,1.015,0.774,0.983,0.652,1.13,5.476,0.127,0.073,3.0,17.0
670.0,48.365,1.975,1.128,0.273,1.605,1.174,1.207,0.057,2.739,1.939,0.219,0.156,7.0,16.0
671.0,41.732,-0.761,-0.505,-0.647,0.348,1.031,1.731,1.044,5.841,1.845,0.062,0.033,3.0,11.0
672.0,43.404,-0.687,-1.113,1.598,0.48,0.693,0.807,0.004,2.855,1.313,0.012,0.005,2.0,14.0
673.0,51.973,1.633,-0.198,0.972,0.72,1.978,1.542,0.936,1.333,6.316,0.461,0.56,4.0,16.0
674.0,80.435,0.079,0.932,-1.77,3.652,1.418,1.352,0.049,0.877,4.112,5.943,0.293,4.0,19.0
675.0,46.682,0.207,-0.936,0.971,1.047,1.707,1.346,0.678,1.034,1.409,1.372,0.325,5.0,12.0
676.0,44.723,-0.303,-0.625,-0.6,0.816,1.02,0.661,0.149,4.08,8.905,2.489,0.019,9.0,27.0
677.0,43.424,0.101,-0.626,0.821,2.568,1.383,1.085,0.068,1.229,1.489,2.4,0.031,7.0,16.0
678.0,43.603,-0.932,1.82,-2.658,1.435,0.537,1.266,3.77,0.268,0.468,1.649,0.68,4.0,11.0
679.0,43.752,-0.645,-1.095,-2.733,2.329,0.29,1.069,0.005,0.498,7.294,0.894,0.048,3.0,15.0
680.0,60.501,-0.747,5.308,-0.804,3.206,1.587,0.736,0.615,5.63,1.467,0.471,0.004,1.0,18.0
681.0,41.655,-0.169,0.581,0.372,0.376,1.257,0.901,0.007,5.741,12.672,0.217,0.284,7.0,18.0
682.0,42.612,0.579,-0.846,-0.113,5.219,0.884,1.306,0.032,0.9,2.327,0.874,0.082,2.0,14.0
683.0,39.881,-0.35,-0.562,1.511,1.376,0.605,0.976,1.408,2.193,3.161,1.737,0.137,0.0,24.0
684.0,40.558,0.044,-0.605,0.947,0.642,0.518,1.209,0.177,1.048,3.829,2.563,0.065,2.0,25.0
685.0,48.484,1.118,-1.921,-0.282,0.992,0.672,0.426,0.465,3.284,0.347,0.103,0.044,4.0,16.0
686.0,42.821,-1.563,-1.105,-1.499,0.93,1.322,1.072,0.354,2.941,3.266,1.157,0.499,8.0,19.0
687.0,44.972,-0.745,-1.193,0.708,0.185,0.287,0.841,10.734,2.459,4.374,0.134,0.288,3.0,12.0
688.0,56.113,-0.284,0.391,-1.126,2.32,1.466,1.385,0.244,1.207,0.873,0.411,0.384,2.0,17.0
689.0,55.585,-1.321,1.433,-0.609,0.089,1.356,1.104,0.521,0.69,3.739,0.901,0.049,3.0,11.0
690.0,46.044,-0.176,-1.027,-1.281,0.331,0.351,0.916,3.196,2.816,0.447,0.316,0.278,1.0,11.0
691.0,52.69,-1.361,-0.89,0.454,1.457,0.405,0.931,0.236,2.45,3.844,1.336,0.208,2.0,18.0
692.0,53.274,1.05,0.725,1.212,0.703,0.439,0.514,0.001,4.988,3.994,1.683,0.056,1.0,18.0
693.0,39.52,-0.437,1.184,0.509,0.775,1.104,0.64,0.605,1.696,1.421,0.65,0.158,1.0,17.0
694.0,71.481,-0.549,-6.881,-0.827,2.255,0.908,0.693,0.728,4.217,0.714,1.0,0.008,3.0,26.0
695.0,49.61,-0.357,-2.588,-0.806,4.011,0.517,1.076,0.052,1.835,1.467,2.905,0.153,4.0,16.0
696.0,59.85,0.215,-0.916,-0.193,1.902,0.725,0.915,0.334,2.28,2.184,0.149,0.058,4.0,14.0
697.0,52.193,1.46,-0.641,1.316,2.532,1.624,1.329,0.662,1.589,3.207,0.307,0.94,9.0,22.0
698.0,36.638,1.632,-0.656,-0.701,1.268,1.642,0.942,2.637,0.19,0.967,0.516,0.736,5.0,10.0
699.0,39.335,-0.523,-1.518,-0.731,0.936,0.812,0.914,2.33,5.305,1.046,0.484,0.151,2.0,12.0
700.0,61.224,0.522,-1.749,-0.4,0.21,0.623,1.685,1.747,8.278,5.689,0.499,0.305,2.0,15.0
701.0,63.359,0.214,-2.862,0.594,0.859,0.942,1.04,0.297,4.306,2.547,0.167,0.264,5.0,19.0
702.0,38.841,-0.364,0.794,-2.739,5.111,1.362,1.081,0.829,2.107,2.818,2.141,0.91,6.0,19.0
703.0,43.195,1.031,0.036,0.756,2.347,0.61,1.163,0.282,3.101,0.683,0.501,0.062,1.0,15.0
704.0,44.52,0.862,-1.203,-1.375,0.167,1.664,0.957,1.222,0.551,0.408,0.205,0.311,3.0,18.0
705.0,59.265,-0.581,0.422,1.364,0.906,0.838,1.364,0.01,5.313,2.43,1.919,0.402,7.0,17.0
706.0,57.797,-0.842,-0.757,-0.959,1.847,2.311,1.352,0.362,2.203,5.203,0.161,0.081,2.0,19.0
707.0,51.26,-1.411,-2.914,-1.161,0.768,1.006,1.13,1.115,3.256,2.784,0.064,0.054,5.0,13.0
708.0,59.602,-1.519,0.723,0.944,7.785,1.085,0.576,0.092,0.425,6.305,1.404,0.177,5.0,17.0
709.0,33.66,-0.497,-0.459,-0.064,0.761,0.636,0.845,0.071,3.709,7.422,1.426,0.15,6.0,13.0
710.0,81.073,1.509,7.373,1.174,1.889,1.134,1.001,0.303,1.568,0.674,0.255,0.091,0.0,12.0
711.0,59.163,-0.486,-2.873,2.861,1.06,0.748,1.031,0.44,0.354,0.895,0.749,0.2,4.0,13.0
712.0,49.611,2.194,0.51,-1.274,2.034,1.327,1.311,0.049,0.009,6.522,1.529,0.193,1.0,14.0
713.0,73.395,0.084,2.472,-5.062,0.178,2.158,0.908,1.522,0.891,2.533,1.682,0.644,3.0,15.0
714.0,59.402,-0.117,-2.104,1.229,0.343,0.701,0.771,3.228,0.184,7.499,0.154,0.334,2.0,12.0
715.0,50.072,-0.766,1.492,-1.094,0.122,1.55,1.668,1.64,8.665,2.476,0.507,0.098,4.0,25.0
716.0,38.099,-1.648,3.934,-0.243,1.669,0.837,0.776,0.417,2.67,0.554,3.614,0.021,4.0,17.0
717.0,46.756,0.93,0.38,0.241,1.05,0.385,0.992,1.263,1.232,1.629,0.185,0.055,6.0,10.0
718.0,47.823,-1.257,3.986,0.65,1.58,0.721,1.003,0.001,1.102,6.576,3.474,0.945,4.0,16.0
719.0,47.109,0.299,0.777,0.156,1.342,0.72,1.388,0.128,0.363,4.083,0.916,0.224,3.0,18.0
720.0,41.338,-1.75,-1.879,1.123,3.815,1.211,0.843,0.18,0.957,0.157,0.758,0.066,3.0,9.0
721.0,49.165,0.013,-2.242,1.225,2.628,0.708,1.236,0.511,3.399,0.225,1.013,0.441,3.0,12.0
722.0,41.168,-0.452,-0.743,0.748,2.692,1.461,1.565,0.137,1.172,6.368,0.553,0.082,2.0,18.0
723.0,54.317,-1.286,2.583,-0.571,0.967,0.328,0.535,0.418,0.58,1.549,1.636,0.093,1.0,8.0
724.0,25.978,0.339,0.488,0.989,0.648,1.229,0.778,0.489,1.633,1.545,1.06,0.682,4.0,13.0
725.0,52.515,0.183,-0.492,2.289,6.048,1.005,1.242,1.505,0.334,2.675,0.039,0.765,4.0,21.0
726.0,56.317,-0.255,0.141,-0.287,0.509,1.123,0.764,0.665,1.924,4.83,0.674,0.048,8.0,11.0
727.0,45.895,0.651,-0.161,0.913,0.849,0.755,0.916,0.035,0.353,0.737,0.715,0.38,1.0,21.0
728.0,46.629,0.055,-1.589,0.789,0.49,1.328,0.637,0.2,2.064,2.444,0.758,1.673,3.0,20.0
729.0,52.974,-1.586,-3.164,-1.589,0.221,0.448,1.361,3.842,0.339,1.482,1.749,0.151,5.0,19.0
730.0,56.449,-0.445,-0.102,-0.817,1.838,1.231,1.543,1.3,0.037,2.646,0.582,0.25,8.0,22.0
731.0,49.482,-1.71,-0.187,-0.48,2.206,0.916,1.955,0.106,3.629,0.154,0.745,1.135,5.0,16.0
732.0,40.287,0.1,0.025,-0.347,0.125,1.437,0.976,0.005,0.365,0.914,0.901,0.433,4.0,15.0
733.0,58.227,-0.758,0.27,-2.004,1.075,1.159,0.752,0.22,2.369,1.185,0.2,0.733,4.0,16.0
734.0,55.79,0.861,-0.113,-1.703,2.63,0.707,1.078,1.195,0.905,1.502,0.84,0.02,3.0,14.0
735.0,52.731,0.841,1.254,0.697,1.14,2.217,0.731,1.567,2.74,0.971,0.108,0.705,3.0,20.0
736.0,68.005,0.059,2.598,-0.572,0.822,0.612,1.219,0.0,0.365,3.535,1.794,0.094,5.0,9.0
737.0,66.107,-0.355,-0.177,0.27,1.923,1.479,1.021,1.143,1.113,3.672,1.189,0.275,6.0,18.0
738.0,35.268,-1.464,-1.184,-0.883,0.64,1.224,0.911,0.746,0.203,3.439,0.116,0.091,2.0,16.0
739.0,43.922,0.831,0.731,-1.223,4.751,0.947,0.883,0.014,0.209,1.901,0.487,0.225,3.0,17.0
740.0,58.734,0.882,-0.497,1.452,1.915,1.407,1.051,0.737,6.737,9.115,1.057,0.156,4.0,17.0
741.0,46.102,-3.197,0.576,-1.056,0.59,0.734,0.82,0.041,1.538,2.109,1.986,0.194,2.0,18.0
742.0,30.276,0.614,-2.412,-0.833,0.538,0.436,0.791,0.756,1.474,3.443,1.402,0.427,8.0,19.0
743.0,49.106,-0.792,0.303,1.237,9.086,1.382,0.895,0.413,4.636,3.314,0.113,0.07,2.0,12.0
744.0,35.851,-0.419,-0.063,0.435,1.765,0.538,0.965,0.15,4.751,7.953,0.553,0.048,1.0,20.0
745.0,41.478,0.222,-0.629,0.531,0.265,2.23,0.711,0.001,0.602,0.604,0.468,0.312,2.0,16.0
746.0,50.215,0.103,0.162,0.211,2.064,0.692,0.691,0.023,1.995,0.009,0.213,0.108,6.0,13.0
747.0,56.242,-0.571,0.634,0.099,0.602,1.459,0.795,0.031,0.799,0.763,4.843,0.086,7.0,20.0
748.0,65.433,-0.611,-0.996,0.795,2.636,0.315,1.295,0.042,5.521,0.612,0.439,0.002,6.0,8.0
749.0,37.519,-0.316,2.433,-0.563,0.883,1.045,0.748,0.591,1.989,1.495,2.49,0.358,3.0,16.0
750.0,55.799,-0.526,0.312,-1.305,0.834,0.845,1.236,3.231,1.311,5.129,0.746,0.057,3.0,17.0
751.0,27.731,-0.529,-0.684,1.0,1.386,0.665,1.187,1.574,6.745,7.957,0.907,0.047,9.0,9.0
752.0,47.583,-0.999,-1.631,0.33,0.798,1.335,1.757,0.175,1.655,1.961,1.559,0.064,1.0,21.0
753.0,57.518,-0.315,2.55,-0.052,1.611,0.659,0.714,0.324,0.096,6.926,2.215,0.28,1.0,16.0
754.0,53.278,0.319,0.739,0.578,2.007,0.273,0.685,0.897,1.797,3.099,0.256,0.254,4.0,17.0
755.0,38.369,1.413,-0.82,0.991,0.127,0.623,1.058,0.174,1.349,3.809,0.972,0.685,3.0,11.0
756.0,51.8,-0.635,1.266,1.212,0.366,1.482,1.061,2.6,5.625,4.508,1.168,0.039,3.0,17.0
757.0,44.89,0.811,-1.39,-0.949,0.524,0.806,0.998,0.23,2.787,1.291,1.442,0.239,2.0,19.0
758.0,47.668,0.637,0.718,-0.516,1.236,1.011,0.872,0.349,0.284,0.261,0.061,0.075,4.0,24.0
759.0,46.375,-0.026,-0.165,2.597,0.476,0.334,1.194,0.486,5.213,3.964,2.134,0.118,2.0,12.0
760.0,48.418,0.591,0.043,1.535,0.38,0.631,0.726,0.718,0.2,2.27,2.75,0.279,6.0,22.0
761.0,42.641,1.104,0.068,-1.03,2.618,1.132,1.242,0.444,3.615,7.706,0.054,0.046,6.0,20.0
762.0,61.647,1.462,-1.405,-0.225,4.934,1.489,1.478,1.425,1.595,2.147,2.419,1.061,6.0,17.0
763.0,50.011,0.656,-0.179,-0.042,9.105,0.724,1.339,1.715,2.594,1.765,0.07,0.342,2.0,17.0
764.0,62.853,-0.839,-1.039,0.08,0.369,0.344,0.844,0.358,0.764,7.773,4.103,0.053,3.0,9.0
765.0,39.815,-0.444,1.788,-0.527,1.531,0.527,1.911,0.32,0.675,1.808,3.017,0.011,5.0,18.0
766.0,51.929,1.781,0.393,-2.616,1.278,1.289,1.231,3.3,15.022,1.853,2.599,0.001,6.0,15.0
767.0,54.702,-0.721,0.026,0.617,0.768,0.514,0.958,0.828,0.436,1.007,1.241,0.064,3.0,12.0
768.0,48.199,-0.164,-0.857,0.09,0.895,0.749,1.721,2.961,0.297,0.214,0.656,0.08,3.0,14.0
769.0,58.537,-0.211,0.775,-1.283,0.125,0.379,0.706,4.734,0.245,10.924,0.941,0.101,2.0,14.0
770.0,51.522,0.22,-0.557,0.084,2.242,0.685,1.015,1.295,1.948,1.643,0.115,0.223,4.0,21.0
771.0,37.384,-2.399,0.783,-0.632,0.349,1.538,0.743,0.462,2.91,3.074,2.57,0.591,4.0,23.0
772.0,49.589,1.732,-0.346,1.252,0.896,1.423,0.953,0.189,0.598,1.7,0.812,0.092,4.0,12.0
773.0,33.661,-0.238,-0.446,-0.41,0.354,1.786,1.008,4.594,0.118,5.215,1.568,0.109,3.0,23.0
774.0,48.928,-0.014,-0.428,0.691,0.685,0.864,0.72,1.512,0.899,2.924,0.229,0.503,7.0,18.0
775.0,68.047,0.283,-0.513,-1.659,1.808,0.874,1.351,6.346,0.272,4.026,0.148,0.249,7.0,14.0
776.0,37.142,1.745,-0.053,-0.088,1.185,0.89,0.671,0.257,0.008,0.733,0.296,0.882,5.0,15.0
777.0,47.677,0.324,-0.926,-0.106,2.92,1.273,1.734,0.042,1.053,2.324,0.249,0.149,3.0,14.0
778.0,59.453,0.121,1.402,0.711,1.529,0.872,1.184,0.978,0.784,5.743,1.552,0.429,6.0,20.0
779.0,55.514,-0.563,-2.204,0.891,0.349,1.583,1.008,2.313,0.806,1.486,1.479,0.487,6.0,16.0
780.0,39.94,-1.34,-1.201,0.532,0.768,0.217,0.712,2.726,5.473,0.453,0.573,0.711,3.0,17.0
781.0,59.146,-0.279,0.961,0.393,1.058,0.88,1.04,0.961,1.346,1.959,0.326,0.089,4.0,20.0
782.0,60.132,0.648,-2.692,-0.382,1.092,0.931,1.323,0.131,0.178,1.13,1.048,0.248,4.0,15.0
783.0,48.172,0.867,-0.186,-2.184,0.677,2.104,1.258,0.299,0.15,0.832,0.368,0.335,5.0,14.0
784.0,52.289,2.477,-0.575,-0.868,0.642,0.906,0.866,0.457,3.494,6.083,1.236,0.258,5.0,12.0
785.0,49.538,-0.238,-0.028,-0.134,0.41,0.961,0.856,1.166,0.331,2.179,0.947,0.192,5.0,24.0
786.0,33.139,-0.172,-0.122,-0.321,1.454,0.64,0.769,0.312,1.79,1.906,1.403,0.069,1.0,23.0
787.0,59.235,0.433,-0.021,1.948,1.76,0.378,1.251,2.433,0.501,1.209,1.006,0.195,2.0,13.0
788.0,44.721,0.616,4.484,2.251,1.131,0.273,1.115,1.516,0.821,3.798,0.632,0.444,4.0,14.0
789.0,45.52,1.159,0.527,-0.796,1.18,1.873,0.739,0.092,2.083,5.719,1.005,0.567,7.0,22.0
790.0,55.899,-0.39,-0.395,0.056,1.083,1.142,0.78,0.613,0.475,2.228,2.626,0.279,7.0,20.0
791.0,57.272,0.79,0.818,0.618,1.314,0.88,1.274,1.866,3.199,8.589,2.419,0.591,5.0,15.0
792.0,22.921,1.256,-0.567,1.669,0.94,0.867,1.06,1.185,4.222,1.488,1.231,0.382,3.0,12.0
793.0,49.638,2.181,0.709,-1.182,0.505,1.243,0.799,0.993,3.119,2.953,0.144,0.247,3.0,16.0
794.0,45.35,-0.029,0.77,-0.114,0.905,1.137,0.959,0.659,0.789,0.27,1.068,0.133,5.0,13.0
795.0,45.163,-0.747,-1.669,-1.287,0.896,0.457,0.904,1.454,0.498,1.175,0.888,0.042,2.0,14.0
796.0,55.787,-1.239,-1.838,0.204,2.022,0.976,1.27,0.718,2.55,2.776,0.226,0.272,3.0,12.0
797.0,50.893,0.771,0.208,0.256,1.297,0.868,0.616,0.522,4.549,1.205,1.775,0.389,2.0,13.0
798.0,53.471,-0.573,0.332,-0.912,1.057,0.997,1.524,0.25,0.677,3.484,0.394,0.492,2.0,16.0
799.0,54.538,1.265,2.275,0.015,0.45,0.495,1.134,3.741,7.726,12.267,0.11,0.011,5.0,18.0
800.0,40.778,-2.122,-0.509,-0.905,1.05,0.709,1.167,0.113,2.167,4.667,2.313,0.086,7.0,17.0
801.0,38.882,1.652,-2.357,-0.06,0.21,0.7,1.03,1.033,3.162,2.486,3.26,0.073,7.0,11.0
802.0,47.803,-1.31,0.112,-0.232,0.366,1.107,0.779,0.572,3.668,0.486,2.354,0.434,1.0,20.0
803.0,52.83,-0.22,0.14,0.519,0.736,0.487,0.893,8.172,3.372,5.088,1.065,0.218,2.0,17.0
804.0,43.759,-0.6,3.612,0.753,2.426,2.323,0.876,2.142,1.64,1.617,0.692,0.138,4.0,18.0
805.0,45.021,1.073,0.086,0.296,0.692,0.536,1.124,0.49,8.945,1.608,3.078,0.05,4.0,11.0
806.0,41.629,0.142,2.34,-0.298,0.429,1.144,1.272,3.467,1.988,0.475,1.361,0.529,8.0,21.0
807.0,43.67,-1.171,1.733,0.243,1.143,1.003,0.76,2.243,1.913,1.023,1.001,0.054,5.0,17.0
808.0,47.835,0.741,0.621,0.032,0.557,0.621,1.619,1.592,2.125,1.559,0.173,0.069,5.0,16.0
809.0,60.744,-0.226,0.78,2.016,0.509,0.092,0.809,2.382,3.473,0.913,3.602,0.18,7.0,9.0
810.0,57.695,-1.507,0.523,1.324,0.461,2.138,1.082,0.445,0.164,3.944,1.59,0.202,5.0,21.0
811.0,65.162,-0.555,-0.682,0.211,0.967,0.661,0.849,0.41,3.948,4.261,0.741,0.493,5.0,20.0
812.0,35.29,-0.153,1.16,1.759,1.141,2.389,1.237,0.001,0.937,3.078,0.084,0.46,6.0,14.0
813.0,42.913,-0.729,-1.233,-1.738,0.69,0.874,1.233,0.775,3.021,3.246,0.8,0.023,8.0,19.0
814.0,48.049,-0.552,-0.29,-0.248,0.703,0.933,0.709,0.034,1.464,0.336,0.377,0.132,4.0,19.0
815.0,34.051,-0.16,2.359,-1.731,0.365,0.305,0.897,0.218,1.408,2.122,1.024,0.781,4.0,17.0
816.0,29.198,0.956,2.078,0.651,0.88,1.521,0.848,2.144,3.064,2.311,2.618,0.238,6.0,22.0
817.0,49.756,-0.91,5.001,-0.187,0.77,1.138,0.612,1.296,9.346,4.619,0.661,0.289,2.0,14.0
818.0,36.034,-1.917,-0.223,0.805,0.3,1.42,0.656,0.049,0.725,3.942,0.5,0.115,4.0,17.0
819.0,43.362,-0.971,0.679,-1.199,0.965,0.735,1.389,0.508,4.721,0.739,0.368,0.096,4.0,12.0
820.0,48.723,1.763,1.328,0.93,2.38,0.941,0.827,0.085,0.355,0.989,0.576,0.428,3.0,12.0
821.0,77.228,-0.965,-1.632,-0.66,1.053,2.14,1.002,3.882,4.483,4.646,1.631,0.075,1.0,12.0
822.0,47.274,0.943,-2.181,1.091,1.294,0.256,0.985,0.016,0.444,5.097,0.529,0.147,4.0,21.0
823.0,50.5,0.521,0.524,-0.945,3.626,0.904,1.271,0.441,0.466,1.169,0.034,0.133,2.0,16.0
824.0,43.224,-0.432,-0.789,1.373,0.834,0.964,0.638,0.113,1.849,0.916,0.403,0.128,3.0,12.0
825.0,65.173,0.773,-1.187,-1.03,1.046,1.005,0.872,0.156,1.413,6.135,0.383,0.185,1.0,22.0
826.0,52.443,-0.109,0.648,1.071,2.461,2.534,1.03,0.327,1.463,2.116,1.073,0.517,6.0,12.0
827.0,44.734,0.052,0.986,-0.504,0.967,0.741,1.4,0.02,0.933,8.302,0.215,0.054,2.0,18.0
828.0,50.357,-1.886,-0.22,1.11,1.585,0.399,0.818,0.266,1.995,0.276,0.425,0.129,7.0,20.0
829.0,53.257,-0.563,-0.354,1.481,0.26,0.768,1.362,0.614,1.222,0.511,0.891,0.157,2.0,16.0
830.0,31.44,-0.102,3.117,0.62,0.572,1.354,0.705,0.776,0.636,3.763,0.389,0.173,4.0,12.0
831.0,42.155,0.533,-0.745,-0.834,0.554,0.753,1.059,0.421,0.86,1.597,1.431,0.151,5.0,14.0
832.0,57.023,0.408,0.416,-2.254,0.934,0.748,1.004,0.014,0.535,2.049,0.231,0.409,5.0,20.0
833.0,51.408,-0.887,-2.024,-0.196,0.556,0.62,0.649,0.601,3.353,1.252,0.095,0.383,0.0,22.0
834.0,26.636,-0.132,-0.784,-1.096,2.162,1.347,1.3,0.59,2.437,3.763,0.699,0.038,3.0,21.0
835.0,54.201,-0.677,1.452,-0.432,0.661,1.826,1.457,0.771,0.884,2.305,0.313,0.175,3.0,16.0
836.0,61.583,-0.278,1.055,1.072,0.921,1.129,0.483,0.2,0.312,2.888,0.343,0.035,2.0,11.0
837.0,54.081,-1.402,-0.064,-0.161,1.766,0.44,1.245,1.46,0.808,3.7,0.0,0.559,4.0,16.0
838.0,63.88,1.405,3.942,-0.623,3.765,0.473,0.63,0.517,0.734,2.466,0.007,0.085,3.0,11.0
839.0,52.353,-0.945,4.277,-1.222,0.787,0.86,0.98,1.478,0.397,6.088,0.336,0.113,4.0,15.0
840.0,46.375,1.454,-0.112,0.422,1.008,0.705,0.827,0.054,1.288,1.787,1.39,0.066,3.0,19.0
841.0,52.523,-1.028,-3.231,-2.305,1.084,0.73,0.784,0.161,4.672,3.348,0.825,0.049,7.0,15.0
842.0,70.807,-0.718,0.351,0.176,1.132,1.093,0.553,0.866,0.73,5.772,0.863,0.132,2.0,15.0
843.0,50.714,-0.501,-0.245,0.204,1.352,0.703,0.769,0.004,1.46,1.905,0.926,0.183,4.0,15.0
844.0,53.344,-0.25,-0.107,-0.206,2.505,0.388,0.848,0.0,2.316,3.832,0.794,0.099,5.0,11.0
845.0,48.65,-1.545,0.354,-0.259,0.374,0.801,0.983,0.089,1.976,1.826,0.393,0.062,5.0,13.0
846.0,46.465,1.657,-0.809,-0.126,4.099,0.309,1.29,1.85,1.06,0.503,2.826,0.592,3.0,19.0
847.0,46.304,0.008,0.517,0.444,0.852,1.224,1.433,0.226,2.108,1.069,1.439,0.177,5.0,17.0
848.0,51.478,-0.995,0.254,1.063,1.22,0.941,0.961,0.051,0.601,3.799,0.021,0.319,2.0,16.0
849.0,35.82,-1.249,1.267,-2.031,2.81,0.642,0.998,1.6,2.18,0.782,0.656,0.368,4.0,20.0
850.0,33.838,0.004,-0.961,0.303,0.862,0.532,0.923,0.056,2.179,0.954,2.225,0.329,3.0,15.0
851.0,36.537,-1.011,-0.559,-0.73,1.042,0.484,1.078,0.011,0.797,5.482,0.96,0.428,7.0,20.0
852.0,49.656,-0.657,-0.534,1.181,0.621,1.51,1.115,0.677,0.229,0.662,1.486,0.89,4.0,20.0
853.0,31.118,-0.431,1.165,1.166,0.624,1.919,0.824,1.498,2.119,1.392,0.107,0.194,4.0,14.0
854.0,52.401,-0.452,-0.239,-0.276,1.73,1.352,1.005,0.009,0.219,0.247,0.269,0.367,3.0,16.0
855.0,52.528,0.454,-1.221,-0.452,0.831,0.951,0.853,0.002,6.353,0.627,0.522,0.183,3.0,22.0
856.0,43.836,1.845,0.498,-0.803,0.817,1.63,1.166,4.174,3.669,0.49,1.425,0.369,11.0,19.0
857.0,43.392,0.233,0.363,0.502,2.711,0.635,0.772,1.886,2.474,3.435,0.828,0.002,4.0,13.0
858.0,50.889,0.777,-0.859,0.967,0.872,0.917,0.702,0.488,0.761,8.53,1.247,0.035,7.0,16.0
859.0,33.792,-1.787,0.734,-0.846,0.511,3.507,0.881,1.582,0.3,1.757,0.622,0.382,4.0,10.0
860.0,56.169,-1.328,0.321,2.345,0.669,1.811,1.078,0.011,0.622,2.228,1.799,0.336,4.0,23.0
861.0,50.172,-1.861,-1.21,0.7,2.973,1.618,1.113,0.021,1.32,2.838,4.922,0.062,4.0,25.0
862.0,45.182,0.62,0.382,0.789,4.151,1.957,1.046,0.204,0.301,1.209,0.171,0.612,5.0,19.0
863.0,48.222,2.184,-0.818,0.65,0.193,0.351,0.839,4.427,4.464,0.566,0.025,0.1,6.0,11.0
864.0,48.381,-0.444,0.158,-0.823,1.148,0.448,1.029,6.116,1.119,1.295,0.942,0.267,2.0,17.0
865.0,38.573,-0.005,-0.225,0.534,1.5,1.44,0.484,0.095,3.143,4.147,1.926,0.554,5.0,19.0
866.0,46.885,1.172,-0.782,-0.267,0.725,0.502,0.735,0.126,0.056,0.117,0.287,0.088,6.0,13.0
867.0,41.815,0.595,-0.243,0.699,1.625,0.248,1.236,0.003,0.815,1.031,0.56,0.899,3.0,14.0
868.0,61.827,-0.376,-4.297,-0.539,3.547,0.435,0.848,3.877,3.022,2.239,1.32,0.261,4.0,22.0
869.0,49.544,-0.655,0.12,-1.989,0.91,2.103,0.719,5.776,0.632,2.917,0.107,0.773,5.0,15.0
870.0,69.867,1.1,-0.327,-0.957,0.567,1.677,1.067,0.007,1.353,0.854,0.301,0.415,6.0,12.0
871.0,62.392,-0.841,0.387,-0.886,0.346,1.669,0.902,0.002,2.834,0.806,0.367,0.016,4.0,14.0
872.0,66.237,-0.396,0.023,-2.198,2.098,1.392,1.155,2.881,10.117,0.909,0.116,0.047,4.0,19.0
873.0,53.272,0.28,0.589,1.068,1.081,0.911,1.142,0.532,7.756,3.558,1.187,0.474,7.0,23.0
874.0,44.491,1.223,0.394,0.065,1.588,0.841,1.15,0.167,6.647,3.542,0.836,0.055,4.0,19.0
875.0,54.816,0.179,1.904,2.102,1.396,1.117,1.308,0.179,0.321,1.059,4.106,0.231,4.0,19.0
876.0,53.143,0.33,0.842,-1.193,2.128,0.865,0.553,4.432,1.805,4.704,1.489,0.231,2.0,17.0
877.0,43.11,-1.053,0.416,0.084,0.721,0.672,0.734,0.132,3.665,3.34,0.225,0.16,2.0,19.0
878.0,25.867,-0.155,2.245,1.487,0.884,1.026,1.18,0.058,0.571,3.772,2.075,0.338,6.0,23.0
879.0,50.518,0.984,-1.239,-0.112,0.71,0.798,1.088,0.058,1.49,1.522,0.542,0.021,6.0,15.0
880.0,61.434,1.337,-0.675,0.81,0.37,1.947,1.791,7.589,0.774,4.308,1.973,0.062,3.0,17.0
881.0,63.976,-2.191,0.019,0.288,1.093,0.757,0.909,1.836,0.539,3.281,0.549,1.057,0.0,12.0
882.0,62.115,-0.982,-0.03,-0.507,1.437,1.235,0.474,0.022,0.994,2.269,1.117,0.538,7.0,11.0
883.0,50.541,-0.108,-0.259,1.444,0.803,1.541,1.515,1.159,5.75,1.147,0.969,0.267,2.0,15.0
884.0,44.452,0.942,-1.586,-1.315,0.369,0.943,0.772,0.029,0.401,4.284,0.714,0.113,9.0,15.0
885.0,55.101,1.71,-2.192,0.488,1.552,1.004,0.952,0.07,0.799,7.434,0.027,0.161,1.0,13.0
886.0,61.091,-0.964,-0.865,0.271,0.19,1.41,1.541,1.461,0.316,2.689,0.834,0.508,9.0,17.0
887.0,49.729,-0.247,-1.392,0.364,0.324,0.671,1.749,0.215,0.07,3.303,1.226,0.147,7.0,17.0
888.0,47.642,-0.255,-0.28,0.409,0.484,1.303,1.31,3.018,1.175,0.679,1.221,0.468,6.0,13.0
889.0,40.951,-1.24,0.478,0.555,0.296,2.429,1.018,0.123,3.402,3.225,1.078,0.091,1.0,20.0
890.0,65.396,0.795,0.125,-1.357,1.191,0.706,1.503,0.005,3.013,2.143,0.081,0.594,9.0,14.0
891.0,44.864,-1.393,1.047,-0.961,0.664,1.774,1.687,1.454,1.952,0.395,1.187,0.395,4.0,16.0
892.0,33.908,0.61,0.794,-1.228,0.403,1.219,0.859,3.01,0.463,0.679,0.16,0.378,7.0,14.0
893.0,66.751,0.686,-1.579,-1.594,1.269,0.918,1.2,0.694,0.157,3.339,0.123,0.33,2.0,8.0
894.0,55.143,1.417,-1.087,-0.518,1.746,0.585,0.948,3.544,1.469,1.326,0.565,0.106,4.0,12.0
895.0,42.64,1.478,0.343,-1.298,0.356,0.618,0.984,2.699,1.864,5.283,0.665,0.041,8.0,14.0
896.0,45.927,-1.151,-0.73,1.604,0.718,1.065,0.865,1.898,3.697,3.423,0.792,0.272,5.0,16.0
897.0,32.894,-0.964,-0.773,1.606,0.399,1.213,0.882,0.759,0.626,0.05,1.356,0.327,6.0,18.0
898.0,38.593,0.757,-1.825,-0.205,0.653,1.093,1.177,0.012,6.614,1.935,3.873,0.074,2.0,16.0
899.0,41.279,-0.218,-0.463,-0.01,0.454,0.796,0.559,0.271,2.691,3.463,0.427,0.418,7.0,19.0
900.0,47.049,1.014,-0.569,1.63,1.387,0.805,1.336,0.291,5.259,1.197,2.521,0.343,4.0,18.0
901.0,51.624,0.912,-0.593,-0.174,0.802,0.297,0.813,0.237,2.667,0.972,0.404,0.062,2.0,23.0
902.0,54.771,1.812,-1.203,0.563,1.815,0.958,1.309,0.416,2.326,0.763,1.33,0.222,3.0,15.0
903.0,54.261,-0.702,4.128,-0.391,0.439,0.709,0.928,0.199,3.571,0.802,0.426,0.12,6.0,10.0
904.0,50.135,-0.399,-0.537,0.744,0.751,1.277,0.94,0.382,4.423,3.331,0.665,0.429,6.0,17.0
905.0,49.742,-0.487,-0.545,-3.119,0.427,2.093,1.394,3.963,1.493,2.301,1.432,1.377,6.0,25.0
906.0,50.452,1.259,0.002,-0.699,1.325,1.525,1.124,1.488,6.363,15.518,1.592,0.888,5.0,21.0
907.0,46.224,-0.304,-0.332,-0.711,0.726,1.331,1.133,0.028,2.756,1.64,0.715,0.312,5.0,17.0
908.0,57.627,0.256,0.264,-2.167,1.285,2.68,0.73,0.842,0.231,3.285,0.186,0.113,4.0,15.0
909.0,37.656,0.633,0.66,0.384,0.144,1.113,1.126,1.273,1.644,1.507,0.132,0.014,5.0,19.0
910.0,59.013,-0.69,-0.026,1.391,0.174,1.319,1.585,2.167,1.25,2.215,1.118,0.383,5.0,17.0
911.0,39.822,-1.584,0.06,-0.249,1.27,0.629,0.958,0.1,0.62,3.415,0.23,0.033,6.0,16.0
912.0,63.877,-0.672,-1.856,0.398,0.524,0.914,0.774,0.006,3.693,5.434,0.16,0.878,4.0,13.0
913.0,53.926,0.92,0.096,-0.51,2.209,0.464,0.865,0.43,0.562,5.29,1.68,0.141,2.0,18.0
914.0,63.486,-0.655,0.542,0.061,0.712,1.011,1.61,0.05,0.29,2.477,2.749,0.879,7.0,16.0
915.0,40.516,-0.707,-0.038,-1.434,1.494,1.572,1.088,0.102,1.408,8.64,0.102,0.012,3.0,14.0
916.0,54.109,0.13,0.045,1.207,1.693,1.208,1.137,1.488,1.969,3.08,0.799,0.246,4.0,20.0
917.0,48.074,1.053,0.165,-1.664,0.634,1.524,1.031,1.593,0.843,7.475,0.992,0.052,4.0,8.0
918.0,56.623,1.156,0.418,1.575,0.595,2.122,1.022,1.882,0.018,4.214,0.039,0.557,7.0,14.0
919.0,63.786,0.547,1.18,0.426,0.443,0.494,0.654,0.753,4.95,3.541,1.618,0.075,2.0,20.0
920.0,51.085,1.539,1.916,-1.242,1.667,0.803,1.041,0.397,0.423,4.964,1.612,0.05,2.0,17.0
921.0,61.831,0.345,-0.983,0.261,6.112,1.574,0.788,0.034,6.635,2.226,2.663,0.173,2.0,15.0
922.0,52.446,-0.503,0.835,0.055,0.664,0.946,0.808,0.046,0.684,2.743,0.945,0.102,6.0,14.0
923.0,49.76,-1.438,5.892,0.839,1.859,1.222,1.077,0.076,0.267,3.965,2.365,0.058,4.0,25.0
924.0,36.679,0.673,1.434,0.38,0.155,0.592,1.728,0.391,1.167,1.438,1.398,0.22,0.0,17.0
925.0,55.611,0.926,0.234,-0.754,1.066,1.382,0.574,4.224,0.192,0.305,0.746,0.001,2.0,12.0
926.0,51.387,-0.13,-0.541,-0.153,1.167,1.035,1.53,0.047,6.249,7.682,0.852,0.125,6.0,19.0
927.0,49.862,1.345,0.488,0.789,1.518,0.679,0.934,0.994,2.804,3.79,0.4,0.001,3.0,15.0
928.0,25.453,1.506,-0.092,0.403,0.861,1.013,1.082,0.001,1.839,2.222,0.045,0.033,4.0,17.0
929.0,53.776,1.085,0.859,0.612,0.605,2.669,1.201,0.001,1.347,3.829,1.246,0.162,5.0,15.0
930.0,51.071,-0.623,-0.359,0.521,0.766,1.097,1.197,1.77,0.589,3.1,0.476,0.44,1.0,21.0
931.0,53.739,-0.673,0.496,-0.676,0.352,0.77,0.827,0.07,0.56,1.202,0.043,0.133,9.0,26.0
932.0,54.613,-0.508,-2.389,-1.168,0.593,0.579,0.669,0.014,1.482,11.43,2.262,0.211,2.0,14.0
933.0,53.451,-0.467,2.12,1.03,2.699,1.335,0.886,0.466,1.716,0.898,2.785,0.089,4.0,12.0
934.0,42.7,1.069,0.972,2.562,1.5,1.126,0.639,2.93,2.994,7.26,0.28,0.329,7.0,17.0
935.0,61.238,-2.156,1.4,-0.437,0.268,0.58,0.794,3.072,2.174,4.389,0.55,0.013,5.0,15.0
936.0,51.816,-1.59,0.512,-1.007,4.488,0.99,0.951,0.028,0.819,2.802,1.129,1.106,3.0,18.0
937.0,57.1,0.942,0.35,0.315,0.266,0.814,0.794,0.023,0.258,1.27,0.184,0.073,7.0,17.0
938.0,32.475,-1.413,2.224,1.11,0.405,1.347,1.272,0.309,0.162,0.931,0.01,0.791,3.0,11.0
939.0,39.593,-1.0,-0.401,1.155,1.493,1.502,1.278,1.727,0.585,4.209,0.556,0.089,4.0,10.0
940.0,45.874,0.073,0.365,-2.562,0.213,0.922,1.408,0.237,0.611,3.779,1.733,0.263,4.0,16.0
941.0,54.776,-0.352,2.686,-1.156,0.804,0.639,0.788,1.35,2.638,8.656,0.355,1.045,3.0,16.0
942.0,47.602,2.126,0.238,-0.602,0.365,1.454,0.909,1.064,1.371,2.38,2.669,1.134,3.0,13.0
943.0,72.582,0.667,-0.17,-0.754,0.62,0.807,1.5,0.186,0.587,3.147,0.398,0.031,5.0,11.0
944.0,51.656,-0.078,-2.328,0.105,1.084,0.929,1.432,0.062,0.204,2.164,1.074,0.825,5.0,21.0
945.0,53.236,-0.262,0.01,-0.661,4.527,1.868,0.828,0.071,1.704,0.533,0.467,0.273,5.0,15.0
946.0,58.06,0.09,-1.346,-0.396,1.164,0.835,1.165,1.323,2.332,2.647,0.28,0.135,5.0,17.0
947.0,46.994,-1.078,-0.537,-0.276,0.467,0.273,1.083,1.582,3.735,0.942,0.156,0.007,2.0,14.0
948.0,66.092,-1.828,-0.092,1.344,0.574,0.868,0.788,0.019,4.437,0.278,0.881,0.782,6.0,19.0
949.0,55.424,0.41,0.48,-0.341,1.409,0.864,1.218,0.005,1.923,1.227,3.622,0.039,3.0,25.0
950.0,49.421,-1.619,0.87,-0.945,1.476,1.658,0.823,5.238,9.34,9.177,0.078,0.775,4.0,13.0
951.0,56.483,-1.26,-0.059,-1.549,1.104,0.53,1.092,5.978,3.98,8.13,0.484,0.455,2.0,14.0
952.0,57.004,-0.649,-0.108,-0.711,0.129,0.474,1.003,0.015,2.277,4.181,0.496,0.11,3.0,21.0
953.0,44.79,1.198,-0.879,-0.11,2.573,1.094,1.409,0.027,1.098,5.463,0.105,0.035,3.0,13.0
954.0,39.238,0.766,-0.241,1.272,1.041,0.875,1.039,0.205,1.894,1.929,1.714,0.295,4.0,18.0
955.0,57.441,-1.266,0.34,0.811,1.028,0.76,1.216,0.25,2.637,0.875,1.825,0.807,3.0,10.0
956.0,46.652,0.385,-0.58,3.3,0.739,1.036,1.261,0.748,0.546,2.008,0.048,0.348,1.0,19.0
957.0,45.6,-1.12,0.953,-0.85,0.475,1.081,1.044,0.719,0.376,3.867,0.431,0.006,6.0,15.0
958.0,52.987,-1.205,-0.931,0.419,0.536,1.983,0.977,1.558,6.156,3.457,0.339,0.444,6.0,18.0
959.0,61.6,-0.643,-0.201,-0.685,0.702,0.993,1.122,0.16,0.068,0.274,0.953,0.819,3.0,14.0
960.0,58.579,0.161,-1.177,0.624,0.326,0.582,0.911,0.792,7.254,1.597,0.983,0.317,2.0,15.0
961.0,37.761,-1.573,0.076,-1.055,1.198,1.164,0.742,1.402,0.203,3.522,1.157,0.307,6.0,18.0
962.0,51.861,0.289,0.412,1.347,0.948,1.791,1.126,0.022,0.734,0.676,0.404,0.462,5.0,18.0
963.0,57.532,0.214,0.119,0.681,5.539,1.047,0.941,0.002,1.662,3.117,0.189,0.119,2.0,16.0
964.0,40.092,0.221,-1.058,0.457,2.512,0.448,1.259,0.162,3.326,3.307,1.061,0.231,3.0,18.0
965.0,65.6,-0.658,-0.895,0.19,1.419,0.906,1.272,3.288,6.361,2.109,1.321,0.335,3.0,17.0
966.0,46.657,2.613,3.944,-0.205,0.217,0.521,1.129,0.007,0.114,5.147,0.019,0.727,1.0,17.0
967.0,67.441,-1.356,-0.125,0.295,0.884,0.821,1.52,0.009,1.247,1.255,0.672,0.22,2.0,16.0
968.0,52.412,-1.674,0.368,-1.163,1.099,1.013,0.864,2.048,3.385,1.65,0.135,0.213,3.0,19.0
969.0,40.588,1.305,4.868,-1.52,1.182,1.126,1.082,0.335,0.479,6.182,0.008,0.177,6.0,21.0
970.0,42.84,-2.428,0.384,-0.229,1.769,0.941,1.304,1.659,2.231,3.861,3.147,0.122,4.0,12.0
971.0,71.809,0.126,-0.362,0.634,1.146,0.623,1.39,0.289,0.808,4.708,0.801,0.248,3.0,16.0
972.0,43.076,-1.634,0.989,-0.218,0.835,0.565,0.866,1.259,0.43,0.534,0.425,0.207,3.0,20.0
973.0,29.342,0.868,0.001,-2.073,0.516,1.056,1.068,0.192,2.054,1.371,0.423,0.244,2.0,24.0
974.0,43.36,1.126,-0.014,-0.726,1.349,1.14,0.575,0.845,0.697,2.145,0.567,0.542,2.0,11.0
975.0,56.389,-0.542,-0.503,0.458,0.431,0.43,0.709,1.208,3.015,0.854,3.821,0.635,4.0,20.0
976.0,39.985,0.601,0.996,-0.456,1.719,0.643,0.801,1.776,1.03,0.851,2.751,0.983,2.0,24.0
977.0,47.959,-0.182,0.551,0.259,1.328,0.454,1.062,0.144,3.23,0.39,1.292,0.255,3.0,10.0
978.0,48.01,0.065,0.272,-0.812,0.905,0.586,1.021,0.0,0.054,1.099,0.626,0.989,6.0,18.0
979.0,41.39,-0.197,-1.481,0.033,2.037,0.819,1.557,3.268,1.462,1.898,0.119,0.483,8.0,11.0
980.0,35.347,-0.603,0.769,0.557,0.82,1.927,1.004,1.341,2.202,1.627,0.302,0.223,6.0,16.0
981.0,49.237,-0.518,0.931,1.538,2.811,0.532,0.706,8.024,0.443,4.713,0.994,0.78,5.0,13.0
982.0,50.017,-0.807,-1.041,-0.766,0.759,1.678,0.925,0.619,1.081,1.196,0.732,0.689,7.0,13.0
983.0,48.397,1.004,1.408,-0.825,0.373,0.571,2.05,4.18,0.004,1.296,0.623,0.01,3.0,18.0
984.0,64.116,0.331,1.659,-0.275,0.359,2.819,1.35,0.202,0.639,5.13,1.037,0.38,0.0,20.0
985.0,49.397,-2.753,0.06,0.617,0.8,0.833,1.41,1.051,0.984,1.865,1.524,0.769,3.0,16.0
986.0,48.428,-0.356,-0.999,0.966,1.257,1.652,1.521,2.81,4.276,0.328,0.243,0.112,4.0,22.0
987.0,58.082,-0.455,1.524,-0.17,2.853,0.982,0.623,2.283,5.532,3.557,0.768,0.406,1.0,14.0
988.0,45.34,-0.088,0.552,2.951,1.017,1.121,0.657,0.293,0.111,2.826,5.534,0.204,2.0,8.0
989.0,45.64,-0.474,0.823,0.22,0.545,0.693,1.322,0.32,2.067,3.407,0.334,0.007,4.0,12.0
990.0,55.228,0.826,0.334,1.448,1.047,1.752,1.124,0.015,1.804,1.484,2.941,0.348,6.0,15.0
991.0,43.32,-0.06,-0.422,-0.512,1.256,1.297,0.851,3.55,8.915,1.401,0.147,0.022,5.0,21.0
992.0,64.817,-0.371,0.643,0.2,0.663,0.419,1.354,0.03,2.386,1.409,0.014,0.98,5.0,20.0
993.0,48.391,-1.478,1.428,-2.082,1.038,2.647,1.079,0.155,0.975,1.157,0.183,0.241,6.0,9.0
994.0,56.263,0.148,-0.079,0.892,2.345,0.945,0.968,0.407,0.465,6.328,0.011,0.175,3.0,8.0
995.0,74.919,-0.049,-0.647,0.448,0.823,0.591,0.703,0.031,3.096,8.223,0.795,0.143,1.0,16.0
996.0,31.945,-0.482,0.624,0.79,6.967,0.415,1.174,2.764,0.938,1.727,0.573,0.027,5.0,16.0
997.0,70.221,0.294,1.099,-1.038,4.74,1.471,1.446,0.02,0.016,1.078,4.094,0.203,2.0,14.0
998.0,57.765,0.187,0.057,0.921,2.528,0.566,0.91,0.231,3.879,1.244,2.015,0.023,2.0,9.0
999.0,27.095,0.46,-3.571,-0.685,0.35,0.723,0.575,1.041,0.019,0.635,0.192,0.223,4.0,18.0
1000.0,45.978,1.456,0.017,-0.06,0.26,1.077,0.904,0.85,3.37,1.642,0.73,0.032,1.0,19.0
