date,yyyy,mm,dd,yyyymm,supply,temperature,precipitation
20171122,2017,11,22,201711,91187.0,3.2,0.0
20171121,2017,11,21,201711,90278.0,0.9,0.0
20171120,2017,11,20,201711,91442.0,-1.1,0.0
20171119,2017,11,19,201711,90095.0,-2.4,0.0
20171118,2017,11,18,201711,89274.0,-3.7,0.0
20171117,2017,11,17,201711,92398.0,1.7,0.0
20171116,2017,11,16,201711,91217.0,0.6,0.0
20171115,2017,11,15,201711,89682.0,2.0,0.0
20171114,2017,11,14,201711,87731.0,6.4,0.0
20171113,2017,11,13,201711,87918.0,7.2,11.0
20171112,2017,11,12,201711,87050.0,5.0,0.0
20171111,2017,11,11,201711,85993.0,4.7,0.0
20171110,2017,11,10,201711,85972.0,9.5,5.0
20171109,2017,11,09,201711,88234.0,9.3,0.0
20171108,2017,11,08,201711,88117.0,11.5,0.0
20171107,2017,11,07,201711,87229.0,13.0,0.0
20171106,2017,11,06,201711,88088.0,10.1,0.0
20171105,2017,11,05,201711,85517.0,8.1,0.0
20171104,2017,11,04,201711,83556.0,6.6,0.0
20171103,2017,11,03,201711,85673.0,10.7,2.0
20171102,2017,11,02,201711,86093.0,14.2,0.0
20171101,2017,11,01,201711,85425.0,13.0,0.0
20171031,2017,10,31,201710,87081.0,9.6,0.0
20171030,2017,10,30,201710,87521.0,6.6,0.0
20171029,2017,10,29,201710,84929.0,10.5,0.0
20171028,2017,10,28,201710,83421.0,16.1,0.0
20171027,2017,10,27,201710,86125.0,15.9,0.0
20171026,2017,10,26,201710,85521.0,13.4,0.0
20171025,2017,10,25,201710,87495.0,13.4,0.0
20171024,2017,10,24,201710,86397.0,12.5,0.0
20171023,2017,10,23,201710,87936.0,12.3,0.0
20171022,2017,10,22,201710,88162.0,14.6,0.0
20171021,2017,10,21,201710,86319.0,16.7,0.0
20171020,2017,10,20,201710,87499.0,15.9,0.0
20171019,2017,10,19,201710,86417.0,15.1,0.0
20171018,2017,10,18,201710,86343.0,14.4,0.0
20171017,2017,10,17,201710,85546.0,14.7,0.0
20171016,2017,10,16,201710,84250.0,15.4,0.0
20171015,2017,10,15,201710,83035.0,14.0,0.0
20171014,2017,10,14,201710,85314.0,13.3,0.0
20171013,2017,10,13,201710,87471.0,12.0,0.0
20171012,2017,10,12,201710,89422.0,10.5,0.0
20171011,2017,10,11,201710,89078.0,14.1,14.5
20171010,2017,10,10,201710,88736.0,19.9,0.5
20171009,2017,10,09,201710,88352.0,20.7,0.0
20171008,2017,10,08,201710,84897.0,21.2,0.0
20171007,2017,10,07,201710,84897.0,19.7,0.0
20171006,2017,10,06,201710,85300.0,16.8,0.0
20171005,2017,10,05,201710,86206.0,16.5,0.0
20171004,2017,10,04,201710,90044.0,15.3,0.0
20171003,2017,10,03,201710,89682.0,16.6,0.0
20171002,2017,10,02,201710,90276.0,19.6,0.5
20171001,2017,10,01,201710,89766.0,16.2,2.5
20170930,2017,09,30,201709,90193.0,18.5,0.0
20170929,2017,09,29,201709,93193.0,16.2,0.0
20170928,2017,09,28,201709,91397.0,17.7,0.0
20170927,2017,09,27,201709,90947.0,20.8,0.0
20170926,2017,09,26,201709,92144.0,22.9,0.0
20170925,2017,09,25,201709,91820.0,21.8,0.0
20170924,2017,09,24,201709,89652.0,21.2,0.0
20170923,2017,09,23,201709,89309.0,20.5,0.0
20170922,2017,09,22,201709,91816.0,19.6,0.0
20170921,2017,09,21,201709,91777.0,19.3,0.0
20170920,2017,09,20,201709,92456.0,18.2,0.0
20170919,2017,09,19,201709,92665.0,21.2,4.0
20170918,2017,09,18,201709,92551.0,21.0,0.0
20170917,2017,09,17,201709,87659.0,21.2,0.0
20170916,2017,09,16,201709,88214.0,20.2,0.0
20170915,2017,09,15,201709,92279.0,20.9,0.0
20170914,2017,09,14,201709,94191.0,21.6,0.0
20170913,2017,09,13,201709,93014.0,21.3,0.0
20170912,2017,09,12,201709,92313.0,21.7,0.0
20170911,2017,09,11,201709,92651.0,19.9,12.0
20170910,2017,09,10,201709,88745.0,21.9,0.0
20170909,2017,09,09,201709,89779.0,22.9,0.0
20170908,2017,09,08,201709,93909.0,23.0,0.0
20170907,2017,09,07,201709,94511.0,21.4,0.0
20170906,2017,09,06,201709,95006.0,19.4,2.0
20170905,2017,09,05,201709,94499.0,20.7,0.0
20170904,2017,09,04,201709,92846.0,23.6,0.0
20170903,2017,09,03,201709,91678.0,22.7,0.0
20170902,2017,09,02,201709,91533.0,22.3,0.0
20170901,2017,09,01,201709,94100.0,22.2,0.0
20170831,2017,08,31,201708,95847.0,21.2,0.0
20170830,2017,08,30,201708,96569.0,18.6,0.0
20170829,2017,08,29,201708,96582.0,18.2,0.0
20170828,2017,08,28,201708,95752.0,20.2,1.5
20170827,2017,08,27,201708,91074.0,21.7,0.0
20170826,2017,08,26,201708,91577.0,23.8,0.0
20170825,2017,08,25,201708,94808.0,24.6,0.0
20170824,2017,08,24,201708,95345.0,25.2,6.0
20170823,2017,08,23,201708,94851.0,25.7,22.5
20170822,2017,08,22,201708,94813.0,26.9,0.0
20170821,2017,08,21,201708,94942.0,24.7,3.5
20170820,2017,08,20,201708,91390.0,21.9,91.5
20170819,2017,08,19,201708,93359.0,24.3,0.0
20170818,2017,08,18,201708,95321.0,24.8,0.0
20170817,2017,08,17,201708,95799.0,23.7,0.5
20170816,2017,08,16,201708,95468.0,21.7,0.0
20170815,2017,08,15,201708,93361.0,20.5,48.0
20170814,2017,08,14,201708,94832.0,23.0,0.0
20170813,2017,08,13,201708,90404.0,24.5,0.0
20170812,2017,08,12,201708,91506.0,26.2,0.0
20170811,2017,08,11,201708,95564.0,25.7,0.0
20170810,2017,08,10,201708,94592.0,23.0,8.5
20170809,2017,08,09,201708,93714.0,25.9,1.5
20170808,2017,08,08,201708,94804.0,27.0,0.0
20170807,2017,08,07,201708,95125.0,27.9,0.0
20170806,2017,08,06,201708,88398.0,28.4,1.5
20170805,2017,08,05,201708,88265.0,30.1,0.0
20170804,2017,08,04,201708,91769.0,28.9,0.0
20170803,2017,08,03,201708,93031.0,28.4,0.0
20170802,2017,08,02,201708,93550.0,28.8,0.0
20170801,2017,08,01,201708,93092.0,27.2,2.0
20170731,2017,07,31,201707,93121.0,24.5,8.5
20170730,2017,07,30,201707,91077.0,26.6,0.0
20170729,2017,07,29,201707,90645.0,25.5,0.0
20170728,2017,07,28,201707,95482.0,23.8,7.0
20170727,2017,07,27,201707,95140.0,25.3,3.0
20170726,2017,07,26,201707,95163.0,27.5,0.0
20170725,2017,07,25,201707,94780.0,27.7,0.0
20170724,2017,07,24,201707,94461.0,24.8,1.5
20170723,2017,07,23,201707,89993.0,25.6,104.0
20170722,2017,07,22,201707,90733.0,27.9,0.5
20170721,2017,07,21,201707,94987.0,28.3,0.0
20170720,2017,07,20,201707,94712.0,28.6,0.0
20170719,2017,07,19,201707,94157.0,27.2,0.0
20170718,2017,07,18,201707,94706.0,25.3,2.0
20170717,2017,07,17,201707,93900.0,25.8,0.5
20170716,2017,07,16,201707,89317.0,25.0,17.5
20170715,2017,07,15,201707,89847.0,23.6,29.0
20170714,2017,07,14,201707,93437.0,27.6,0.0
20170713,2017,07,13,201707,92621.0,27.3,0.0
20170712,2017,07,12,201707,91477.0,26.6,0.0
20170711,2017,07,11,201707,92247.0,25.2,1.5
20170710,2017,07,10,201707,92732.0,23.0,154.5
20170709,2017,07,09,201707,88021.0,25.0,46.0
20170708,2017,07,08,201707,89545.0,24.6,3.0
20170707,2017,07,07,201707,93549.0,25.0,17.0
20170706,2017,07,06,201707,91939.0,26.4,14.0
20170705,2017,07,05,201707,89667.0,26.7,0.0
20170704,2017,07,04,201707,91290.0,25.6,0.0
20170703,2017,07,03,201707,92113.0,23.7,6.0
20170702,2017,07,02,201707,87819.0,23.0,17.0
20170701,2017,07,01,201707,86424.0,24.2,0.5
20170630,2017,06,30,201706,87888.0,25.1,0.0
20170629,2017,06,29,201706,87585.0,25.2,0.0
20170628,2017,06,28,201706,87698.0,25.1,0.0
20170627,2017,06,27,201706,87531.0,24.0,0.0
20170626,2017,06,26,201706,87820.0,21.5,20.5
20170625,2017,06,25,201706,85323.0,22.2,4.0
20170624,2017,06,24,201706,83428.0,23.4,4.5
20170623,2017,06,23,201706,86724.0,26.4,0.0
20170622,2017,06,22,201706,86466.0,24.6,0.0
20170621,2017,06,21,201706,86441.0,24.5,0.0
20170620,2017,06,20,201706,85132.0,24.9,0.0
20170619,2017,06,19,201706,85006.0,23.9,0.0
20170618,2017,06,18,201706,81885.0,23.5,0.0
20170617,2017,06,17,201706,83591.0,23.4,0.0
20170616,2017,06,16,201706,86941.0,24.2,0.0
20170615,2017,06,15,201706,84747.0,22.4,0.0
20170614,2017,06,14,201706,85205.0,20.9,0.0
20170613,2017,06,13,201706,84907.0,20.7,0.0
20170612,2017,06,12,201706,83421.0,20.4,0.0
20170611,2017,06,11,201706,83161.0,22.2,0.0
20170610,2017,06,10,201706,82165.0,20.3,4.0
20170609,2017,06,09,201706,83707.0,20.1,0.0
20170608,2017,06,08,201706,81647.0,19.2,0.0
20170607,2017,06,07,201706,82683.0,16.2,9.0
20170606,2017,06,06,201706,81083.0,17.4,10.5
20170605,2017,06,05,201706,81483.0,23.1,0.0
20170604,2017,06,04,201706,77623.0,21.4,0.0
20170603,2017,06,03,201706,76968.0,19.6,0.0
20170602,2017,06,02,201706,82221.0,19.9,0.0
20170601,2017,06,01,201706,81837.0,22.3,0.0
20170531,2017,05,31,201705,81665.0,22.5,0.0
20170530,2017,05,30,201705,82497.0,22.8,0.0
20170529,2017,05,29,201705,83014.0,21.9,0.0
20170528,2017,05,28,201705,82527.0,20.6,0.0
20170527,2017,05,27,201705,81212.0,19.1,0.0
20170526,2017,05,26,201705,83009.0,16.1,0.0
20170525,2017,05,25,201705,81835.0,18.4,0.0
20170524,2017,05,24,201705,83178.0,20.8,0.0
20170523,2017,05,23,201705,82751.0,19.3,4.0
20170522,2017,05,22,201705,81274.0,20.9,0.0
20170521,2017,05,21,201705,81065.0,20.9,0.0
20170520,2017,05,20,201705,80072.0,20.2,0.0
20170519,2017,05,19,201705,80693.0,20.8,0.0
20170518,2017,05,18,201705,80633.0,20.1,0.0
20170517,2017,05,17,201705,79301.0,18.4,0.0
20170516,2017,05,16,201705,80844.0,16.0,0.0
20170515,2017,05,15,201705,81620.0,14.4,0.0
20170514,2017,05,14,201705,77523.0,14.4,0.0
20170513,2017,05,13,201705,78407.0,15.2,4.0
20170512,2017,05,12,201705,80398.0,17.8,0.0
20170511,2017,05,11,201705,80138.0,18.2,0.0
20170510,2017,05,10,201705,80821.0,14.8,2.5
20170509,2017,05,09,201705,79013.0,15.5,1.5
20170508,2017,05,08,201705,77697.0,17.4,0.0
20170507,2017,05,07,201705,80272.0,15.6,0.0
20170506,2017,05,06,201705,79430.0,14.2,0.0
20170505,2017,05,05,201705,83028.0,20.2,0.0
20170504,2017,05,04,201705,83056.0,20.5,0.0
20170503,2017,05,03,201705,82942.0,21.3,0.0
20170502,2017,05,02,201705,82331.0,19.7,0.0
20170501,2017,05,01,201705,82501.0,19.1,0.0
20170430,2017,04,30,201704,80635.0,18.7,0.0
20170429,2017,04,29,201704,81130.0,16.5,0.0
20170428,2017,04,28,201704,80659.0,13.7,0.0
20170427,2017,04,27,201704,79714.0,12.8,0.0
20170426,2017,04,26,201704,80871.0,13.8,0.0
20170425,2017,04,25,201704,81209.0,15.4,0.0
20170424,2017,04,24,201704,82873.0,14.8,0.0
20170423,2017,04,23,201704,81850.0,14.6,0.0
20170422,2017,04,22,201704,83523.0,14.0,0.0
20170421,2017,04,21,201704,84048.0,12.3,0.0
20170420,2017,04,20,201704,83682.0,11.6,0.0
20170419,2017,04,19,201704,83051.0,11.9,0.0
20170418,2017,04,18,201704,83724.0,10.9,6.5
20170417,2017,04,17,201704,82855.0,13.9,1.0
20170416,2017,04,16,201704,82735.0,18.5,0.0
20170415,2017,04,15,201704,83099.0,15.7,0.0
20170414,2017,04,14,201704,85529.0,11.9,5.0
20170413,2017,04,13,201704,84544.0,11.8,0.0
20170412,2017,04,12,201704,85970.0,10.3,0.0
20170411,2017,04,11,201704,87343.0,14.0,0.0
20170410,2017,04,10,201704,87013.0,14.9,0.0
20170409,2017,04,09,201704,84126.0,13.2,0.5
20170408,2017,04,08,201704,86383.0,11.5,0.5
20170407,2017,04,07,201704,87253.0,13.2,0.0
20170406,2017,04,06,201704,87916.0,9.5,2.0
20170405,2017,04,05,201704,86046.0,11.2,28.0
20170404,2017,04,04,201704,86064.0,14.1,0.0
20170403,2017,04,03,201704,84021.0,11.0,0.0
20170402,2017,04,02,201704,85311.0,8.4,0.0
20170401,2017,04,01,201704,84158.0,7.8,0.0
20170331,2017,03,31,201703,88725.0,7.6,1.5
20170330,2017,03,30,201703,87994.0,10.3,0.0
20170329,2017,03,29,201703,87117.0,7.6,0.0
20170328,2017,03,28,201703,86241.0,6.3,0.0
20170327,2017,03,27,201703,88323.0,5.4,0.0
20170326,2017,03,26,201703,87877.0,6.2,0.0
20170325,2017,03,25,201703,86606.0,7.6,0.0
20170324,2017,03,24,201703,88072.0,8.1,0.0
20170323,2017,03,23,201703,87672.0,8.7,0.0
20170322,2017,03,22,201703,87657.0,6.8,0.0
20170321,2017,03,21,201703,87503.0,6.2,0.0
20170320,2017,03,20,201703,87922.0,9.9,0.0
20170319,2017,03,19,201703,87910.0,10.5,0.0
20170318,2017,03,18,201703,90013.0,8.9,0.0
20170317,2017,03,17,201703,91839.0,7.3,0.0
20170316,2017,03,16,201703,91482.0,5.8,0.0
20170315,2017,03,15,201703,90591.0,5.6,0.0
20170314,2017,03,14,201703,91119.0,4.8,0.0
20170313,2017,03,13,201703,93327.0,5.8,0.0
20170312,2017,03,12,201703,91063.0,7.9,0.0
20170311,2017,03,11,201703,90228.0,7.1,0.0
20170310,2017,03,10,201703,92047.0,4.3,0.0
20170309,2017,03,09,201703,92807.0,2.8,0.0
20170308,2017,03,08,201703,92902.0,-0.9,0.0
20170307,2017,03,07,201703,93840.0,-2.6,0.0
20170306,2017,03,06,201703,94148.0,-1.1,0.0
20170305,2017,03,05,201703,91770.0,4.7,0.5
20170304,2017,03,04,201703,91420.0,5.2,0.0
20170303,2017,03,03,201703,93479.0,3.1,0.0
20170302,2017,03,02,201703,92979.0,0.7,0.5
20170301,2017,03,01,201703,92104.0,4.6,3.5
20170228,2017,02,28,201702,92437.0,5.3,0.0
20170227,2017,02,27,201702,93171.0,4.0,0.0
20170226,2017,02,26,201702,91375.0,3.4,0.0
20170225,2017,02,25,201702,91811.0,2.2,0.0
20170224,2017,02,24,201702,92732.0,-1.5,0.0
20170223,2017,02,23,201702,93526.0,-2.5,0.0
20170222,2017,02,22,201702,93689.0,0.7,0.5
20170221,2017,02,21,201702,93347.0,-0.8,0.0
20170220,2017,02,20,201702,93928.0,-2.5,0.5
20170219,2017,02,19,201702,89643.0,2.0,2.0
20170218,2017,02,18,201702,90042.0,-3.1,0.0
20170217,2017,02,17,201702,96207.0,-0.1,4.0
20170216,2017,02,16,201702,96295.0,6.3,0.0
20170215,2017,02,15,201702,96403.0,2.1,0.0
20170214,2017,02,14,201702,96561.0,-0.3,0.0
20170213,2017,02,13,201702,96343.0,0.1,0.0
20170212,2017,02,12,201702,93782.0,-2.3,0.0
20170211,2017,02,11,201702,92955.0,-5.4,0.0
20170210,2017,02,10,201702,95916.0,-7.6,0.0
20170209,2017,02,09,201702,97002.0,-6.0,0.0
20170208,2017,02,08,201702,96980.0,-2.4,0.0
20170207,2017,02,07,201702,97305.0,-2.1,0.0
20170206,2017,02,06,201702,96366.0,-2.8,0.0
20170205,2017,02,05,201702,94991.0,0.7,0.5
20170204,2017,02,04,201702,94172.0,0.5,0.0
20170203,2017,02,03,201702,96289.0,1.4,0.0
20170202,2017,02,02,201702,96341.0,-3.4,0.0
20170201,2017,02,01,201702,95220.0,-4.6,0.0
20170131,2017,01,31,201701,94937.0,-5.6,0.0
20170130,2017,01,30,201701,91686.0,-6.0,0.0
20170129,2017,01,29,201701,89100.0,0.1,2.5
20170128,2017,01,28,201701,89072.0,-2.2,0.0
20170127,2017,01,27,201701,91078.0,-3.6,3.0
20170126,2017,01,26,201701,95631.0,-1.6,0.0
20170125,2017,01,25,201701,95823.0,-5.0,0.0
20170124,2017,01,24,201701,96526.0,-7.3,0.0
20170123,2017,01,23,201701,95443.0,-9.7,0.0
20170122,2017,01,22,201701,91965.0,-9.1,0.0
20170121,2017,01,21,201701,90927.0,-5.5,1.0
20170120,2017,01,20,201701,94284.0,-5.6,2.5
20170119,2017,01,19,201701,94146.0,-1.4,0.0
20170118,2017,01,18,201701,95091.0,-0.3,0.0
20170117,2017,01,17,201701,94280.0,-1.6,0.0
20170116,2017,01,16,201701,93313.0,-3.9,0.0
20170115,2017,01,15,201701,91004.0,-6.8,0.0
20170114,2017,01,14,201701,92828.0,-9.4,0.0
20170113,2017,01,13,201701,94912.0,-6.7,0.0
20170112,2017,01,12,201701,94338.0,-3.0,0.0
20170111,2017,01,11,201701,94862.0,-4.1,0.0
20170110,2017,01,10,201701,93039.0,-4.2,0.0
20170109,2017,01,09,201701,92252.0,0.6,0.0
20170108,2017,01,08,201701,90644.0,5.6,0.0
20170107,2017,01,07,201701,90470.0,4.9,0.0
20170106,2017,01,06,201701,92841.0,5.0,0.0
20170105,2017,01,05,201701,92474.0,3.5,0.0
20170104,2017,01,04,201701,92353.0,4.1,0.0
20170103,2017,01,03,201701,94223.0,2.2,0.0
20170102,2017,01,02,201701,92573.0,4.7,0.0
20170101,2017,01,01,201701,89861.0,3.4,0.0
20161231,2016,12,31,201612,82458.0,0.8,0.0
20161230,2016,12,30,201612,93773.0,-3.6,0.0
20161229,2016,12,29,201612,93229.0,-5.1,0.5
20161228,2016,12,28,201612,92564.0,-4.1,0.0
20161227,2016,12,27,201612,92007.0,-3.2,0.0
20161226,2016,12,26,201612,91610.0,2.2,0.0
20161225,2016,12,25,201612,88547.0,0.7,0.0
20161224,2016,12,24,201612,90172.0,-2.7,0.0
20161223,2016,12,23,201612,90894.0,-3.2,0.0
20161222,2016,12,22,201612,90449.0,5.2,18.0
20161221,2016,12,21,201612,89166.0,7.7,11.5
20161220,2016,12,20,201612,89662.0,7.9,0.0
20161219,2016,12,19,201612,91271.0,6.5,0.0
20161218,2016,12,18,201612,88826.0,5.4,0.0
20161217,2016,12,17,201612,89028.0,2.8,0.0
20161216,2016,12,16,201612,93031.0,-5.1,0.0
20161215,2016,12,15,201612,92819.0,-5.8,0.0
20161214,2016,12,14,201612,92681.0,-1.8,0.0
20161213,2016,12,13,201612,92178.0,3.0,0.0
20161212,2016,12,12,201612,92578.0,2.1,0.0
20161211,2016,12,11,201612,87632.0,-0.9,0.0
20161210,2016,12,10,201612,85209.0,-2.0,0.0
20161209,2016,12,09,201612,91310.0,0.7,3.0
20161208,2016,12,08,201612,90628.0,2.2,2.5
20161207,2016,12,07,201612,90821.0,1.1,0.0
20161206,2016,12,06,201612,90426.0,-1.6,0.0
20161205,2016,12,05,201612,87795.0,5.3,0.5
20161204,2016,12,04,201612,82341.0,5.4,0.0
20161203,2016,12,03,201612,83525.0,4.9,0.0
20161202,2016,12,02,201612,85671.0,1.7,0.0
20161201,2016,12,01,201612,86447.0,3.5,0.0
20161130,2016,11,30,201611,85024.0,5.4,1.5
20161129,2016,11,29,201611,85937.0,1.9,0.0
20161128,2016,11,28,201611,83432.0,0.7,0.0
20161127,2016,11,27,201611,75011.0,2.9,0.0
20161126,2016,11,26,201611,73620.0,0.2,1.0
20161125,2016,11,25,201611,82612.0,0.9,0.0
20161124,2016,11,24,201611,83190.0,-2.7,0.0
20161123,2016,11,23,201611,83056.0,-2.4,0.0
20161122,2016,11,22,201611,82141.0,1.0,0.0
20161121,2016,11,21,201611,80430.0,9.2,0.0
20161120,2016,11,20,201611,77873.0,9.3,0.0
20161119,2016,11,19,201611,77440.0,12.4,0.0
20161118,2016,11,18,201611,83566.0,10.0,0.0
20161117,2016,11,17,201611,84260.0,9.0,0.0
20161116,2016,11,16,201611,83901.0,5.6,0.0
20161115,2016,11,15,201611,81672.0,4.6,0.0
20161114,2016,11,14,201611,80581.0,12.8,3.5
20161113,2016,11,13,201611,76063.0,13.6,1.0
20161112,2016,11,12,201611,75429.0,11.3,0.0
20161111,2016,11,11,201611,81485.0,8.8,4.5
20161110,2016,11,10,201611,82444.0,5.1,0.5
20161109,2016,11,09,201611,81574.0,1.7,0.0
20161108,2016,11,08,201611,81278.0,2.9,0.5
20161107,2016,11,07,201611,80166.0,11.9,5.5
20161106,2016,11,06,201611,76791.0,12.7,0.0
20161105,2016,11,05,201611,74244.0,14.3,0.0
20161104,2016,11,04,201611,81469.0,11.8,0.0
20161103,2016,11,03,201611,81900.0,8.8,0.0
20161102,2016,11,02,201611,82339.0,3.9,0.0
20161101,2016,11,01,201611,82339.0,0.9,0.0
20161031,2016,10,31,201610,78563.0,5.2,0.0
20161030,2016,10,30,201610,68186.0,8.1,0.0
20161029,2016,10,29,201610,71412.0,7.1,0.0
20161028,2016,10,28,201610,78097.0,13.5,0.0
20161027,2016,10,27,201610,79533.0,13.7,0.0
20161026,2016,10,26,201610,80450.0,12.6,0.0
20161025,2016,10,25,201610,79305.0,13.0,31.0
20161024,2016,10,24,201610,78892.0,13.1,0.0
20161023,2016,10,23,201610,67737.0,11.8,1.5
20161022,2016,10,22,201610,68353.0,17.0,0.0
20161021,2016,10,21,201610,76471.0,16.3,0.0
20161020,2016,10,20,201610,77231.0,17.4,0.0
20161019,2016,10,19,201610,75887.0,17.6,0.0
20161018,2016,10,18,201610,76148.0,16.2,0.0
20161017,2016,10,17,201610,76480.0,16.6,0.0
20161016,2016,10,16,201610,66094.0,16.1,1.0
20161015,2016,10,15,201610,67045.0,18.5,0.0
20161014,2016,10,14,201610,76826.0,16.3,0.0
20161013,2016,10,13,201610,76509.0,14.5,0.0
20161012,2016,10,12,201610,75340.0,14.9,0.0
20161011,2016,10,11,201610,77312.0,14.9,0.0
20161010,2016,10,10,201610,77874.0,13.0,0.0
20161009,2016,10,09,201610,66322.0,10.1,0.0
20161008,2016,10,08,201610,67494.0,15.3,5.5
20161007,2016,10,07,201610,77361.0,18.2,1.5
20161006,2016,10,06,201610,77712.0,17.4,0.0
20161005,2016,10,05,201610,77328.0,19.7,0.0
20161004,2016,10,04,201610,77549.0,20.8,0.0
20161003,2016,10,03,201610,72367.0,22.0,5.5
20161002,2016,10,02,201610,69881.0,18.0,10.0
20161001,2016,10,01,201610,68617.0,20.0,0.0
20160930,2016,09,30,201609,81194.0,19.5,0.0
20160929,2016,09,29,201609,80189.0,18.6,0.0
20160928,2016,09,28,201609,80198.0,19.0,0.0
20160927,2016,09,27,201609,80158.0,19.6,12.5
20160926,2016,09,26,201609,80789.0,22.5,0.0
20160925,2016,09,25,201609,70298.0,22.1,0.0
20160924,2016,09,24,201609,70343.0,21.5,0.0
20160923,2016,09,23,201609,81421.0,20.8,0.0
20160922,2016,09,22,201609,81501.0,20.2,0.0
20160921,2016,09,21,201609,83811.0,18.6,0.0
20160920,2016,09,20,201609,84287.0,19.1,0.0
20160919,2016,09,19,201609,84281.0,20.1,0.0
20160918,2016,09,18,201609,72246.0,21.9,0.0
20160917,2016,09,17,201609,69461.0,21.4,7.0
20160916,2016,09,16,201609,70906.0,23.7,0.0
20160915,2016,09,15,201609,71121.0,23.3,0.0
20160914,2016,09,14,201609,71163.0,23.8,0.0
20160913,2016,09,13,201609,84097.0,23.2,0.0
20160912,2016,09,12,201609,87436.0,22.5,0.0
20160911,2016,09,11,201609,76541.0,23.3,0.0
20160910,2016,09,10,201609,75753.0,23.0,0.0
20160909,2016,09,09,201609,85078.0,22.9,0.0
20160908,2016,09,08,201609,85869.0,21.8,15.5
20160907,2016,09,07,201609,85422.0,23.3,0.0
20160906,2016,09,06,201609,85469.0,23.9,0.0
20160905,2016,09,05,201609,85109.0,25.2,0.0
20160904,2016,09,04,201609,73267.0,24.8,0.0
20160903,2016,09,03,201609,75346.0,22.5,0.5
20160902,2016,09,02,201609,88668.0,22.6,2.5
20160901,2016,09,01,201609,88838.0,23.0,0.0
20160831,2016,08,31,201608,90561.0,16.7,16.0
20160830,2016,08,30,201608,91280.0,19.3,0.0
20160829,2016,08,29,201608,91348.0,21.1,0.0
20160828,2016,08,28,201608,79409.0,19.4,1.0
20160827,2016,08,27,201608,80851.0,21.9,0.0
20160826,2016,08,26,201608,90970.0,21.1,14.0
20160825,2016,08,25,201608,90720.0,26.0,2.5
20160824,2016,08,24,201608,90720.0,27.8,0.0
20160823,2016,08,23,201608,90449.0,26.9,1.0
20160822,2016,08,22,201608,90425.0,28.9,0.0
20160821,2016,08,21,201608,79171.0,29.3,0.0
20160820,2016,08,20,201608,84910.0,29.0,0.0
20160819,2016,08,19,201608,91151.0,28.1,1.5
20160818,2016,08,18,201608,91084.0,28.7,0.0
20160817,2016,08,17,201608,91009.0,28.5,0.0
20160816,2016,08,16,201608,90967.0,28.6,0.0
20160815,2016,08,15,201608,83695.0,27.8,0.0
20160814,2016,08,14,201608,80544.0,27.7,0.0
20160813,2016,08,13,201608,83300.0,29.2,0.0
20160812,2016,08,12,201608,92395.0,29.4,0.0
20160811,2016,08,11,201608,91680.0,29.2,0.0
20160810,2016,08,10,201608,92386.0,28.1,0.0
20160809,2016,08,09,201608,91440.0,27.3,3.5
20160808,2016,08,08,201608,89608.0,29.0,0.0
20160807,2016,08,07,201608,76815.0,29.5,0.0
20160806,2016,08,06,201608,81236.0,29.5,0.0
20160805,2016,08,05,201608,88096.0,30.0,0.0
20160804,2016,08,04,201608,88410.0,29.9,0.0
20160803,2016,08,03,201608,88676.0,27.9,0.0
20160802,2016,08,02,201608,89826.0,26.2,7.5
20160801,2016,08,01,201608,89095.0,27.3,0.0
20160731,2016,07,31,201607,76193.0,27.9,2.0
20160730,2016,07,30,201607,77676.0,27.6,0.5
20160729,2016,07,29,201607,86712.0,25.2,32.5
20160728,2016,07,28,201607,89311.0,27.1,0.0
20160727,2016,07,27,201607,89712.0,26.0,1.0
20160726,2016,07,26,201607,88923.0,27.3,0.0
20160725,2016,07,25,201607,88990.0,27.4,0.0
20160724,2016,07,24,201607,76202.0,26.8,0.5
20160723,2016,07,23,201607,79141.0,27.5,0.0
20160722,2016,07,22,201607,88555.0,27.9,0.0
20160721,2016,07,21,201607,88526.0,26.5,0.0
20160720,2016,07,20,201607,88889.0,27.0,0.0
20160719,2016,07,19,201607,88635.0,26.0,0.0
20160718,2016,07,18,201607,89091.0,22.7,0.0
20160717,2016,07,17,201607,76339.0,20.3,2.0
20160716,2016,07,16,201607,78526.0,19.4,28.0
20160715,2016,07,15,201607,88032.0,24.4,1.0
20160714,2016,07,14,201607,87194.0,25.4,0.0
20160713,2016,07,13,201607,86944.0,25.2,0.0
20160712,2016,07,12,201607,86506.0,25.1,4.0
20160711,2016,07,11,201607,85481.0,27.3,0.0
20160710,2016,07,10,201607,73413.0,27.1,0.0
20160709,2016,07,09,201607,74830.0,27.0,0.0
20160708,2016,07,08,201607,84847.0,26.3,0.0
20160707,2016,07,07,201607,86068.0,23.5,0.0
20160706,2016,07,06,201607,86705.0,22.1,0.5
20160705,2016,07,05,201607,86753.0,22.3,104.5
20160704,2016,07,04,201607,85873.0,20.2,19.0
20160703,2016,07,03,201607,75199.0,22.8,0.0
20160702,2016,07,02,201607,75644.0,22.8,5.0
20160701,2016,07,01,201607,85533.0,22.9,52.0
20160630,2016,06,30,201606,83978.0,23.5,0.0
20160629,2016,06,29,201606,83457.0,24.4,0.0
20160628,2016,06,28,201606,83416.0,24.1,0.0
20160627,2016,06,27,201606,83934.0,23.7,0.0
20160626,2016,06,26,201606,71621.0,23.8,0.0
20160625,2016,06,25,201606,72876.0,21.8,0.0
20160624,2016,06,24,201606,82074.0,21.8,2.5
20160623,2016,06,23,201606,80956.0,23.8,0.0
20160622,2016,06,22,201606,82034.0,23.2,12.5
20160621,2016,06,21,201606,80966.0,25.3,0.0
20160620,2016,06,20,201606,80999.0,24.0,0.0
20160619,2016,06,19,201606,71404.0,23.2,0.0
20160618,2016,06,18,201606,70240.0,24.2,0.0
20160617,2016,06,17,201606,81941.0,23.0,0.0
20160616,2016,06,16,201606,81864.0,19.5,0.0
20160615,2016,06,15,201606,82117.0,19.4,17.5
20160614,2016,06,14,201606,80985.0,22.9,0.0
20160613,2016,06,13,201606,79589.0,22.4,0.0
20160612,2016,06,12,201606,70120.0,22.7,0.5
20160611,2016,06,11,201606,72076.0,22.2,4.0
20160610,2016,06,10,201606,79214.0,23.8,0.0
20160609,2016,06,09,201606,80280.0,23.3,0.0
20160608,2016,06,08,201606,80661.0,21.3,0.0
20160607,2016,06,07,201606,80807.0,20.8,0.0
20160606,2016,06,06,201606,72901.0,22.1,0.0
20160605,2016,06,05,201606,71323.0,23.9,0.0
20160604,2016,06,04,201606,71809.0,20.7,0.0
20160603,2016,06,03,201606,80650.0,21.7,0.0
20160602,2016,06,02,201606,80301.0,23.1,0.0
20160601,2016,06,01,201606,79870.0,22.5,0.0
20160531,2016,05,31,201605,80087.0,21.0,0.0
20160530,2016,05,30,201605,77432.0,21.8,0.0
20160529,2016,05,29,201605,71377.0,21.1,0.0
20160528,2016,05,28,201605,77748.0,21.2,0.0
20160527,2016,05,27,201605,77748.0,20.2,0.0
20160526,2016,05,26,201605,79616.0,18.8,0.0
20160525,2016,05,25,201605,78513.0,18.9,0.0
20160524,2016,05,24,201605,78445.0,15.8,35.5
20160523,2016,05,23,201605,78012.0,23.0,0.0
20160522,2016,05,22,201605,71452.0,23.9,0.0
20160521,2016,05,21,201605,72679.0,23.8,0.0
20160520,2016,05,20,201605,77682.0,24.2,0.0
20160519,2016,05,19,201605,77843.0,24.6,0.0
20160518,2016,05,18,201605,77528.0,22.2,0.0
20160517,2016,05,17,201605,77333.0,19.0,0.0
20160516,2016,05,16,201605,77734.0,15.0,2.5
20160515,2016,05,15,201605,73973.0,17.1,39.0
20160514,2016,05,14,201605,73290.0,19.5,0.0
20160513,2016,05,13,201605,79581.0,17.3,0.5
20160512,2016,05,12,201605,78180.0,17.8,0.0
20160511,2016,05,11,201605,78974.0,16.1,0.0
20160510,2016,05,10,201605,79158.0,13.4,6.0
20160509,2016,05,09,201605,77645.0,19.5,0.0
20160508,2016,05,08,201605,75249.0,18.7,0.0
20160507,2016,05,07,201605,75354.0,15.7,0.0
20160506,2016,05,06,201605,80494.0,15.4,9.5
20160505,2016,05,05,201605,78957.0,18.0,3.5
20160504,2016,05,04,201605,81780.0,14.6,0.0
20160503,2016,05,03,201605,81749.0,11.9,28.5
20160502,2016,05,02,201605,80915.0,20.3,15.5
20160501,2016,05,01,201605,75485.0,18.9,0.0
20160430,2016,04,30,201604,76444.0,15.3,0.0
20160429,2016,04,29,201604,80891.0,16.0,0.0
20160428,2016,04,28,201604,81850.0,17.0,0.0
20160427,2016,04,27,201604,81832.0,15.8,0.0
20160426,2016,04,26,201604,80954.0,20.4,0.0
20160425,2016,04,25,201604,81817.0,18.0,0.0
20160424,2016,04,24,201604,78123.0,15.5,0.0
20160423,2016,04,23,201604,78138.0,12.8,0.0
20160422,2016,04,22,201604,81163.0,13.1,0.0
20160421,2016,04,21,201604,81849.0,12.4,10.5
20160420,2016,04,20,201604,81465.0,14.0,0.5
20160419,2016,04,19,201604,82269.0,11.8,0.0
20160418,2016,04,18,201604,82442.0,10.9,2.0
20160417,2016,04,17,201604,76164.0,10.1,18.0
20160416,2016,04,16,201604,76726.0,14.5,22.5
20160415,2016,04,15,201604,84266.0,15.0,0.0
20160414,2016,04,14,201604,85256.0,12.5,0.0
20160413,2016,04,13,201604,85256.0,14.2,1.0
20160412,2016,04,12,201604,84871.0,13.4,0.0
20160411,2016,04,11,201604,84966.0,11.5,0.0
20160410,2016,04,10,201604,80722.0,12.7,0.0
20160409,2016,04,09,201604,79445.0,10.3,0.0
20160408,2016,04,08,201604,85758.0,10.7,0.0
20160407,2016,04,07,201604,86048.0,13.1,6.5
20160406,2016,04,06,201604,86168.0,13.4,3.0
20160405,2016,04,05,201604,85987.0,10.8,0.0
20160404,2016,04,04,201604,86308.0,11.8,0.0
20160403,2016,04,03,201604,80805.0,9.9,0.5
20160402,2016,04,02,201604,81090.0,15.1,0.0
20160401,2016,04,01,201604,89366.0,15.7,0.0
20160331,2016,03,31,201603,88016.0,13.7,0.0
20160330,2016,03,30,201603,88014.0,11.0,0.0
20160329,2016,03,29,201603,87122.0,11.2,0.0
20160328,2016,03,28,201603,87978.0,9.4,0.0
20160327,2016,03,27,201603,83309.0,6.5,0.0
20160326,2016,03,26,201603,86163.0,5.8,0.0
20160325,2016,03,25,201603,88950.0,6.4,0.0
20160324,2016,03,24,201603,88005.0,6.3,0.0
20160323,2016,03,23,201603,86797.0,7.1,0.0
20160322,2016,03,22,201603,86880.0,7.3,0.0
20160321,2016,03,21,201603,90330.0,9.9,0.0
20160320,2016,03,20,201603,85864.0,9.9,0.0
20160319,2016,03,19,201603,84259.0,10.9,0.0
20160318,2016,03,18,201603,88762.0,12.6,0.0
20160317,2016,03,17,201603,88762.0,9.3,0.0
20160316,2016,03,16,201603,85861.0,7.5,0.0
20160315,2016,03,15,201603,88001.0,5.1,0.0
20160314,2016,03,14,201603,85600.0,4.1,0.0
20160313,2016,03,13,201603,81728.0,3.2,0.0
20160312,2016,03,12,201603,80319.0,1.9,0.0
20160311,2016,03,11,201603,86383.0,-1.1,0.0
20160310,2016,03,10,201603,84830.0,-2.1,0.0
20160309,2016,03,09,201603,85282.0,-0.6,0.0
20160308,2016,03,08,201603,84776.0,1.9,0.0
20160307,2016,03,07,201603,85296.0,7.7,0.0
20160306,2016,03,06,201603,80856.0,7.2,0.0
20160305,2016,03,05,201603,79847.0,10.6,35.5
20160304,2016,03,04,201603,83372.0,11.5,0.0
20160303,2016,03,03,201603,84410.0,7.5,0.0
20160302,2016,03,02,201603,85097.0,2.4,0.0
20160301,2016,03,01,201603,85747.0,-3.1,0.0
20160229,2016,02,29,201602,87502.0,-4.5,0.0
20160228,2016,02,28,201602,82820.0,0.3,1.0
20160227,2016,02,27,201602,85576.0,2.9,0.0
20160226,2016,02,26,201602,88805.0,1.7,0.0
20160225,2016,02,25,201602,89978.0,-0.2,0.0
20160224,2016,02,24,201602,91005.0,-3.5,0.0
20160223,2016,02,23,201602,91110.0,-0.3,0.5
20160222,2016,02,22,201602,91271.0,0.6,0.0
20160221,2016,02,21,201602,86329.0,-0.9,0.0
20160220,2016,02,20,201602,87494.0,1.1,0.0
20160219,2016,02,19,201602,90889.0,2.3,0.0
20160218,2016,02,18,201602,90451.0,3.4,0.0
20160217,2016,02,17,201602,89842.0,-0.2,0.0
20160216,2016,02,16,201602,90441.0,-2.7,0.5
20160215,2016,02,15,201602,90405.0,-7.0,0.0
20160214,2016,02,14,201602,87554.0,-3.5,0.5
20160213,2016,02,13,201602,85427.0,10.2,20.5
20160212,2016,02,12,201602,88403.0,7.7,11.0
20160211,2016,02,11,201602,93000.0,7.4,0.0
20160210,2016,02,10,201602,89176.0,2.6,0.0
20160209,2016,02,09,201602,86697.0,0.2,0.0
20160208,2016,02,08,201602,85210.0,1.2,0.0
20160207,2016,02,07,201602,85242.0,-2.9,0.0
20160206,2016,02,06,201602,88569.0,-3.7,0.0
20160205,2016,02,05,201602,93589.0,-2.5,0.0
20160204,2016,02,04,201602,93417.0,-0.8,0.0
20160203,2016,02,03,201602,93667.0,-2.4,0.0
20160202,2016,02,02,201602,93809.0,-5.4,0.0
20160201,2016,02,01,201602,93179.0,-6.8,0.0
20160131,2016,01,31,201601,92631.0,-4.8,0.0
20160130,2016,01,30,201601,88397.0,0.4,0.0
20160129,2016,01,29,201601,93196.0,1.6,0.0
20160128,2016,01,28,201601,93706.0,-0.7,0.0
20160127,2016,01,27,201601,92222.0,-1.2,0.0
20160126,2016,01,26,201601,93157.0,-3.8,0.0
20160125,2016,01,25,201601,93248.0,-9.7,0.0
20160124,2016,01,24,201601,92052.0,-15.3,0.0
20160123,2016,01,23,201601,93437.0,-12.4,0.0
20160122,2016,01,22,201601,94529.0,-8.1,0.0
20160121,2016,01,21,201601,94793.0,-7.6,0.0
20160120,2016,01,20,201601,94868.0,-10.8,0.0
20160119,2016,01,19,201601,95511.0,-13.6,0.0
20160118,2016,01,18,201601,95589.0,-7.5,0.0
20160117,2016,01,17,201601,91948.0,1.3,0.0
20160116,2016,01,16,201601,90209.0,-0.9,0.0
20160115,2016,01,15,201601,93817.0,-0.6,0.0
20160114,2016,01,14,201601,94597.0,-3.9,0.0
20160113,2016,01,13,201601,95050.0,-5.0,0.0
20160112,2016,01,12,201601,95128.0,-5.5,0.0
20160111,2016,01,11,201601,94970.0,-4.4,0.0
20160110,2016,01,10,201601,94012.0,-0.3,0.0
20160109,2016,01,09,201601,93863.0,-2.4,0.0
20160108,2016,01,08,201601,93845.0,-3.5,0.0
20160107,2016,01,07,201601,94730.0,-3.7,0.0
20160106,2016,01,06,201601,91498.0,-1.9,0.0
20160105,2016,01,05,201601,91944.0,-3.3,0.0
20160104,2016,01,04,201601,91005.0,1.1,0.0
20160103,2016,01,03,201601,90033.0,6.1,0.0
20160102,2016,01,02,201601,89449.0,5.9,0.0
20160101,2016,01,01,201601,90066.0,1.5,0.0
20151231,2015,12,31,201512,90899.0,0.5,0.0
20151230,2015,12,30,201512,92185.0,-0.5,1.5
20151229,2015,12,29,201512,92413.0,-3.3,0.0
20151228,2015,12,28,201512,91740.0,-6.0,0.0
20151227,2015,12,27,201512,89152.0,-6.5,0.0
20151226,2015,12,26,201512,91013.0,0.4,0.0
20151225,2015,12,25,201512,90707.0,-1.4,0.0
20151224,2015,12,24,201512,91827.0,1.2,0.0
20151223,2015,12,23,201512,90339.0,5.3,0.0
20151222,2015,12,22,201512,91101.0,2.2,0.0
20151221,2015,12,21,201512,91650.0,1.7,1.0
20151220,2015,12,20,201512,89053.0,1.5,0.0
20151219,2015,12,19,201512,88888.0,-0.4,0.0
20151218,2015,12,18,201512,89191.0,-3.6,0.0
20151217,2015,12,17,201512,87841.0,-5.4,0.0
20151216,2015,12,16,201512,87330.0,-2.1,0.0
20151215,2015,12,15,201512,86324.0,3.7,0.0
20151214,2015,12,14,201512,86639.0,4.0,1.5
20151213,2015,12,13,201512,84224.0,5.4,0.0
20151212,2015,12,12,201512,84692.0,4.5,0.0
20151211,2015,12,11,201512,86897.0,6.0,0.0
20151210,2015,12,10,201512,86861.0,6.9,0.0
20151209,2015,12,09,201512,86975.0,4.6,0.0
20151208,2015,12,08,201512,86628.0,3.1,0.0
20151207,2015,12,07,201512,86035.0,2.0,0.0
20151206,2015,12,06,201512,83940.0,1.1,0.0
20151205,2015,12,05,201512,82735.0,2.8,0.0
20151204,2015,12,04,201512,87385.0,-1.1,0.0
20151203,2015,12,03,201512,87792.0,-1.8,6.0
20151202,2015,12,02,201512,88032.0,5.4,14.0
20151201,2015,12,01,201512,87826.0,3.8,0.0
20151130,2015,11,30,201511,86474.0,3.7,0.0
20151129,2015,11,29,201511,76811.0,1.5,0.5
20151128,2015,11,28,201511,80131.0,-0.6,0.0
20151127,2015,11,27,201511,87180.0,-3.5,0.0
20151126,2015,11,26,201511,87156.0,-3.7,0.0
20151125,2015,11,25,201511,84776.0,1.2,5.5
20151124,2015,11,24,201511,84583.0,4.6,0.5
20151123,2015,11,23,201511,83739.0,7.1,2.5
20151122,2015,11,22,201511,76676.0,9.2,2.0
20151121,2015,11,21,201511,78079.0,8.9,0.0
20151120,2015,11,20,201511,82380.0,9.1,0.0
20151119,2015,11,19,201511,82445.0,8.0,0.0
20151118,2015,11,18,201511,81932.0,9.4,1.5
20151117,2015,11,17,201511,81452.0,13.2,0.0
20151116,2015,11,16,201511,81378.0,11.4,5.0
20151115,2015,11,15,201511,75023.0,12.7,0.0
20151114,2015,11,14,201511,78775.0,11.6,3.5
20151113,2015,11,13,201511,82613.0,10.2,11.5
20151112,2015,11,12,201511,83048.0,13.1,0.0
20151111,2015,11,11,201511,81643.0,10.9,0.0
20151110,2015,11,10,201511,82102.0,9.4,0.0
20151109,2015,11,09,201511,81759.0,9.5,1.5
20151108,2015,11,08,201511,75984.0,9.8,3.5
20151107,2015,11,07,201511,76226.0,9.3,9.0
20151106,2015,11,06,201511,81267.0,12.1,2.0
20151105,2015,11,05,201511,80033.0,13.5,0.0
20151104,2015,11,04,201511,79933.0,12.0,0.0
20151103,2015,11,03,201511,80177.0,12.2,0.0
20151102,2015,11,02,201511,80407.0,10.5,0.0
20151101,2015,11,01,201511,72113.0,6.7,0.0
20151031,2015,10,31,201510,73327.0,5.9,0.0
20151030,2015,10,30,201510,80518.0,4.7,0.0
20151029,2015,10,29,201510,81438.0,8.1,0.5
20151028,2015,10,28,201510,80177.0,9.8,0.0
20151027,2015,10,27,201510,80026.0,11.2,27.5
20151026,2015,10,26,201510,79075.0,13.9,2.5
20151025,2015,10,25,201510,69680.0,15.5,0.0
20151024,2015,10,24,201510,70752.0,16.0,8.0
20151023,2015,10,23,201510,75294.0,16.9,0.0
20151022,2015,10,22,201510,75761.0,16.8,0.0
20151021,2015,10,21,201510,75341.0,17.3,0.0
20151020,2015,10,20,201510,75208.0,17.8,0.0
20151019,2015,10,19,201510,74906.0,17.3,0.0
20151018,2015,10,18,201510,71642.0,17.8,0.0
20151017,2015,10,17,201510,71663.0,18.4,0.0
20151016,2015,10,16,201510,74633.0,17.2,0.0
20151015,2015,10,15,201510,74187.0,17.4,0.0
20151014,2015,10,14,201510,73097.0,16.6,0.0
20151013,2015,10,13,201510,73167.0,14.8,0.0
20151012,2015,10,12,201510,74544.0,11.9,0.0
20151011,2015,10,11,201510,68218.0,10.3,2.5
20151010,2015,10,10,201510,69590.0,11.6,3.0
20151009,2015,10,09,201510,72391.0,15.1,0.0
20151008,2015,10,08,201510,76750.0,19.6,0.0
20151007,2015,10,07,201510,76699.0,18.9,0.0
20151006,2015,10,06,201510,78198.0,18.5,0.0
20151005,2015,10,05,201510,78704.0,17.7,0.0
20151004,2015,10,04,201510,72856.0,16.2,0.0
20151003,2015,10,03,201510,72319.0,18.0,0.0
20151002,2015,10,02,201510,80112.0,15.9,0.0
20151001,2015,10,01,201510,80604.0,15.1,33.0
20150930,2015,09,30,201509,80325.0,19.7,0.0
20150929,2015,09,29,201509,74792.0,20.8,0.0
20150928,2015,09,28,201509,71623.0,21.4,0.0
20150927,2015,09,27,201509,73331.0,21.8,0.0
20150926,2015,09,26,201509,74353.0,21.7,0.0
20150925,2015,09,25,201509,85334.0,22.0,0.0
20150924,2015,09,24,201509,82560.0,22.2,0.0
20150923,2015,09,23,201509,83887.0,21.0,0.0
20150922,2015,09,22,201509,83452.0,22.9,0.0
20150921,2015,09,21,201509,83380.0,21.9,0.0
20150920,2015,09,20,201509,73283.0,21.1,0.0
20150919,2015,09,19,201509,74695.0,21.4,0.0
20150918,2015,09,18,201509,82599.0,20.3,0.0
20150917,2015,09,17,201509,81586.0,19.5,0.0
20150916,2015,09,16,201509,82133.0,19.8,0.0
20150915,2015,09,15,201509,81410.0,21.5,0.0
20150914,2015,09,14,201509,81625.0,21.2,0.0
20150913,2015,09,13,201509,70323.0,19.0,0.0
20150912,2015,09,12,201509,72775.0,18.7,0.0
20150911,2015,09,11,201509,81573.0,19.7,3.5
20150910,2015,09,10,201509,80419.0,21.6,0.0
20150909,2015,09,09,201509,80598.0,21.2,0.0
20150908,2015,09,08,201509,82583.0,21.2,0.0
20150907,2015,09,07,201509,83216.0,21.1,0.0
20150906,2015,09,06,201509,74779.0,21.0,0.0
20150905,2015,09,05,201509,76266.0,21.0,14.0
20150904,2015,09,04,201509,83274.0,24.0,0.0
20150903,2015,09,03,201509,84154.0,22.6,10.5
20150902,2015,09,02,201509,84561.0,22.4,2.5
20150901,2015,09,01,201509,85102.0,24.1,0.0
20150831,2015,08,31,201508,87868.0,25.2,0.0
20150830,2015,08,30,201508,77848.0,24.1,0.0
20150829,2015,08,29,201508,77956.0,23.4,0.0
20150828,2015,08,28,201508,86244.0,21.8,7.5
20150827,2015,08,27,201508,86300.0,23.7,0.0
20150826,2015,08,26,201508,86665.0,20.8,0.0
20150825,2015,08,25,201508,86548.0,20.6,0.0
20150824,2015,08,24,201508,86169.0,24.8,0.0
20150823,2015,08,23,201508,76044.0,25.4,0.0
20150822,2015,08,22,201508,78190.0,24.4,0.0
20150821,2015,08,21,201508,87359.0,23.9,1.0
20150820,2015,08,20,201508,87278.0,24.1,12.0
20150819,2015,08,19,201508,87191.0,25.8,0.0
20150818,2015,08,18,201508,86170.0,26.7,0.0
20150817,2015,08,17,201508,87724.0,25.9,0.0
20150816,2015,08,16,201508,80270.0,24.8,39.5
20150815,2015,08,15,201508,81084.0,26.3,0.5
20150814,2015,08,14,201508,86408.0,25.9,0.5
20150813,2015,08,13,201508,87995.0,25.2,0.0
20150812,2015,08,12,201508,87919.0,26.0,0.0
20150811,2015,08,11,201508,87841.0,25.5,0.0
20150810,2015,08,10,201508,88000.0,26.0,0.0
20150809,2015,08,09,201508,79815.0,25.5,0.0
20150808,2015,08,08,201508,82097.0,25.9,4.0
20150807,2015,08,07,201508,89595.0,28.9,24.5
20150806,2015,08,06,201508,89876.0,28.3,0.0
20150805,2015,08,05,201508,90601.0,27.9,0.0
20150804,2015,08,04,201508,90475.0,26.3,0.0
20150803,2015,08,03,201508,89520.0,26.8,0.5
20150802,2015,08,02,201508,84378.0,25.5,6.5
20150801,2015,08,01,201508,83707.0,0.0,0.0
20150731,2015,07,31,201507,89766.0,27.4,0.0
20150730,2015,07,30,201507,89654.0,27.6,0.0
20150729,2015,07,29,201507,90010.0,25.3,6.0
20150728,2015,07,28,201507,89955.0,26.4,0.0
20150727,2015,07,27,201507,89481.0,24.9,1.0
20150726,2015,07,26,201507,80528.0,24.8,42.5
20150725,2015,07,25,201507,81887.0,23.7,73.0
20150724,2015,07,24,201507,88145.0,23.1,21.5
20150723,2015,07,23,201507,88247.0,25.4,18.5
20150722,2015,07,22,201507,89153.0,26.8,0.0
20150721,2015,07,21,201507,89942.0,25.1,14.0
20150720,2015,07,20,201507,89174.0,25.6,0.0
20150719,2015,07,19,201507,83966.0,23.6,3.0
20150718,2015,07,18,201507,85770.0,22.8,0.0
20150717,2015,07,17,201507,90868.0,21.7,0.0
20150716,2015,07,16,201507,90304.0,22.4,0.0
20150715,2015,07,15,201507,89665.0,26.2,0.0
20150714,2015,07,14,201507,89895.0,25.2,0.0
20150713,2015,07,13,201507,90691.0,21.5,12.0
20150712,2015,07,12,201507,84475.0,23.0,26.0
20150711,2015,07,11,201507,83597.0,28.8,0.0
20150710,2015,07,10,201507,89158.0,27.2,0.0
20150709,2015,07,09,201507,89194.0,24.4,0.0
20150708,2015,07,08,201507,90117.0,21.1,2.0
20150707,2015,07,07,201507,89693.0,23.7,0.0
20150706,2015,07,06,201507,89839.0,24.2,0.0
20150705,2015,07,05,201507,85946.0,23.2,0.0
20150704,2015,07,04,201507,87485.0,22.7,0.0
20150703,2015,07,03,201507,89885.0,21.8,0.0
20150702,2015,07,02,201507,89114.0,23.1,0.0
20150701,2015,07,01,201507,88897.0,22.6,0.0
20150630,2015,06,30,201506,87788.0,22.8,3.0
20150629,2015,06,29,201506,86322.0,24.6,0.0
20150628,2015,06,28,201506,80620.0,24.6,0.0
20150627,2015,06,27,201506,80748.0,23.5,0.0
20150626,2015,06,26,201506,86757.0,19.2,4.5
20150625,2015,06,25,201506,84325.0,23.4,2.0
20150624,2015,06,24,201506,84047.0,24.3,0.0
20150623,2015,06,23,201506,83419.0,23.9,0.0
20150622,2015,06,22,201506,83289.0,23.2,0.0
20150621,2015,06,21,201506,76306.0,21.2,0.0
20150620,2015,06,20,201506,78686.0,18.4,47.0
20150619,2015,06,19,201506,82650.0,22.6,0.0
20150618,2015,06,18,201506,82773.0,23.0,2.0
20150617,2015,06,17,201506,82024.0,21.9,17.5
20150616,2015,06,16,201506,82348.0,23.8,0.0
20150615,2015,06,15,201506,83188.0,22.9,0.0
20150614,2015,06,14,201506,78369.0,21.5,19.5
20150613,2015,06,13,201506,79295.0,23.4,1.0
20150612,2015,06,12,201506,82531.0,22.3,1.0
20150611,2015,06,11,201506,80871.0,23.4,3.0
20150610,2015,06,10,201506,79594.0,24.1,0.0
20150609,2015,06,09,201506,79795.0,21.0,0.0
20150608,2015,06,08,201506,79638.0,21.1,0.0
20150607,2015,06,07,201506,76856.0,22.4,0.0
20150606,2015,06,06,201506,74606.0,20.9,0.0
20150605,2015,06,05,201506,77774.0,17.5,0.5
20150604,2015,06,04,201506,78049.0,23.6,0.0
20150603,2015,06,03,201506,78028.0,21.5,0.0
20150602,2015,06,02,201506,79512.0,22.0,0.0
20150601,2015,06,01,201506,79227.0,21.6,0.0
20150531,2015,05,31,201505,75956.0,20.9,0.0
20150530,2015,05,30,201505,76038.0,18.5,0.5
20150529,2015,05,29,201505,76874.0,23.3,0.0
20150528,2015,05,28,201505,77532.0,23.9,0.0
20150527,2015,05,27,201505,76914.0,23.5,0.0
20150526,2015,05,26,201505,76617.0,21.4,0.0
20150525,2015,05,25,201505,73296.0,20.3,0.0
20150524,2015,05,24,201505,73939.0,20.9,0.0
20150523,2015,05,23,201505,72507.0,20.2,0.0
20150522,2015,05,22,201505,78663.0,19.7,0.0
20150521,2015,05,21,201505,77968.0,18.6,0.0
20150520,2015,05,20,201505,76699.0,15.6,0.0
20150519,2015,05,19,201505,76833.0,13.8,1.0
20150518,2015,05,18,201505,75638.0,17.3,0.0
20150517,2015,05,17,201505,72600.0,18.5,0.0
20150516,2015,05,16,201505,72529.0,18.1,0.0
20150515,2015,05,15,201505,78307.0,17.8,0.0
20150514,2015,05,14,201505,78219.0,19.9,0.0
20150513,2015,05,13,201505,78224.0,16.6,0.0
20150512,2015,05,12,201505,79682.0,12.1,10.0
20150511,2015,05,11,201505,79358.0,16.9,12.5
20150510,2015,05,10,201505,76585.0,18.5,0.0
20150509,2015,05,09,201505,76643.0,17.1,0.0
20150508,2015,05,08,201505,79521.0,15.7,0.0
20150507,2015,05,07,201505,78713.0,16.3,0.0
20150506,2015,05,06,201505,79932.0,14.8,0.0
20150505,2015,05,05,201505,78856.0,14.2,0.0
20150504,2015,05,04,201505,78474.0,14.8,0.0
20150503,2015,05,03,201505,75137.0,16.7,3.0
20150502,2015,05,02,201505,75723.0,20.2,0.5
20150501,2015,05,01,201505,78162.0,20.8,0.0
20150430,2015,04,30,201504,80456.0,20.4,0.0
20150429,2015,04,29,201504,79896.0,15.5,2.0
20150428,2015,04,28,201504,80029.0,19.1,0.0
20150427,2015,04,27,201504,80964.0,18.9,0.0
20150426,2015,04,26,201504,77061.0,18.0,0.0
20150425,2015,04,25,201504,78643.0,16.3,0.0
20150424,2015,04,24,201504,81058.0,15.3,0.0
20150423,2015,04,23,201504,81142.0,14.6,0.0
20150422,2015,04,22,201504,81554.0,13.8,0.0
20150421,2015,04,21,201504,81727.0,13.7,0.0
20150420,2015,04,20,201504,81806.0,10.6,1.0
20150419,2015,04,19,201504,77617.0,12.9,6.5
20150418,2015,04,18,201504,78532.0,15.0,0.0
20150417,2015,04,17,201504,82262.0,10.6,0.0
20150416,2015,04,16,201504,81764.0,9.3,4.0
20150415,2015,04,15,201504,81194.0,10.5,1.5
20150414,2015,04,14,201504,82017.0,5.4,8.5
20150413,2015,04,13,201504,80515.0,10.1,3.0
20150412,2015,04,12,201504,76842.0,14.0,0.0
20150411,2015,04,11,201504,80145.0,13.4,0.0
20150410,2015,04,10,201504,80145.0,11.3,0.0
20150409,2015,04,09,201504,79044.0,9.0,0.0
20150408,2015,04,08,201504,79635.0,7.4,0.0
20150407,2015,04,07,201504,80698.0,7.2,0.0
20150406,2015,04,06,201504,80882.0,9.3,0.0
20150405,2015,04,05,201504,77236.0,8.8,0.0
20150404,2015,04,04,201504,77017.0,11.9,0.0
20150403,2015,04,03,201504,83318.0,9.7,4.5
20150402,2015,04,02,201504,83739.0,13.3,27.0
20150401,2015,04,01,201504,85206.0,11.0,2.0
20150331,2015,03,31,201503,84751.0,11.7,1.0
20150330,2015,03,30,201503,84215.0,12.9,0.0
20150329,2015,03,29,201503,81444.0,9.8,0.0
20150328,2015,03,28,201503,81966.0,9.7,0.0
20150327,2015,03,27,201503,84373.0,8.3,0.0
20150326,2015,03,26,201503,85354.0,7.7,0.0
20150325,2015,03,25,201503,85329.0,6.1,0.0
20150324,2015,03,24,201503,84153.0,4.6,0.0
20150323,2015,03,23,201503,84643.0,3.7,0.0
20150322,2015,03,22,201503,76981.0,7.6,0.0
20150321,2015,03,21,201503,81538.0,11.3,0.0
20150320,2015,03,20,201503,83296.0,12.8,0.0
20150319,2015,03,19,201503,83965.0,11.4,0.0
20150318,2015,03,18,201503,83181.0,9.7,0.0
20150317,2015,03,17,201503,82075.0,10.8,0.0
20150316,2015,03,16,201503,81997.0,9.2,0.0
20150315,2015,03,15,201503,80077.0,5.4,0.0
20150314,2015,03,14,201503,80398.0,3.5,0.0
20150313,2015,03,13,201503,82119.0,4.5,0.0
20150312,2015,03,12,201503,83829.0,1.2,0.0
20150311,2015,03,11,201503,84174.0,-0.3,0.0
20150310,2015,03,10,201503,84910.0,-4.9,0.0
20150309,2015,03,09,201503,84130.0,0.7,0.0
20150308,2015,03,08,201503,80904.0,7.1,0.0
20150307,2015,03,07,201503,81505.0,3.7,0.0
20150306,2015,03,06,201503,85201.0,2.2,0.0
20150305,2015,03,05,201503,85795.0,-1.2,0.0
20150304,2015,03,04,201503,87216.0,-3.5,0.0
20150303,2015,03,03,201503,86423.0,1.4,3.5
20150302,2015,03,02,201503,87732.0,3.5,0.0
20150301,2015,03,01,201503,85648.0,1.1,0.0
20150228,2015,02,28,201502,86997.0,1.6,0.0
20150227,2015,02,27,201502,89400.0,-2.7,0.0
20150226,2015,02,26,201502,88445.0,-0.4,0.5
20150225,2015,02,25,201502,88372.0,4.1,0.0
20150224,2015,02,24,201502,88612.0,1.3,0.0
20150223,2015,02,23,201502,88324.0,-0.2,0.0
20150222,2015,02,22,201502,86653.0,2.6,2.0
20150221,2015,02,21,201502,86220.0,4.4,3.0
20150220,2015,02,20,201502,85982.0,4.2,0.0
20150219,2015,02,19,201502,86270.0,1.6,0.0
20150218,2015,02,18,201502,88092.0,-0.1,0.0
20150217,2015,02,17,201502,89268.0,0.7,0.0
20150216,2015,02,16,201502,89185.0,3.8,7.0
20150215,2015,02,15,201502,86990.0,6.2,0.0
20150214,2015,02,14,201502,84842.0,1.6,0.0
20150213,2015,02,13,201502,88296.0,-2.5,0.0
20150212,2015,02,12,201502,88782.0,-3.3,0.0
20150211,2015,02,11,201502,87281.0,1.7,0.0
20150210,2015,02,10,201502,88298.0,1.0,0.0
20150209,2015,02,09,201502,87926.0,-6.4,0.0
20150208,2015,02,08,201502,86036.0,-11.1,0.0
20150207,2015,02,07,201502,85284.0,0.5,0.0
20150206,2015,02,06,201502,88162.0,-0.1,0.0
20150205,2015,02,05,201502,89353.0,-0.9,0.0
20150204,2015,02,04,201502,88986.0,0.0,0.0
20150203,2015,02,03,201502,89487.0,0.3,0.0
20150202,2015,02,02,201502,89181.0,-0.8,0.0
20150201,2015,02,01,201502,87725.0,-3.3,0.0
20150131,2015,01,31,201501,88021.0,-5.6,0.0
20150130,2015,01,30,201501,90133.0,-4.5,0.0
20150129,2015,01,29,201501,90680.0,-1.9,0.0
20150128,2015,01,28,201501,90033.0,-5.0,0.0
20150127,2015,01,27,201501,90908.0,0.0,0.0
20150126,2015,01,26,201501,89867.0,0.0,0.0
20150125,2015,01,25,201501,90436.0,1.7,0.5
20150124,2015,01,24,201501,89975.0,3.0,0.0
20150123,2015,01,23,201501,92004.0,0.8,0.0
20150122,2015,01,22,201501,91587.0,2.7,0.0
20150121,2015,01,21,201501,91461.0,2.0,0.0
20150120,2015,01,20,201501,90433.0,-1.7,0.0
20150119,2015,01,19,201501,90027.0,-1.0,0.0
20150118,2015,01,18,201501,88913.0,-2.1,4.0
20150117,2015,01,17,201501,88861.0,-5.0,0.0
20150116,2015,01,16,201501,90210.0,-0.2,0.0
20150115,2015,01,15,201501,90144.0,2.5,0.0
20150114,2015,01,14,201501,90287.0,2.3,0.0
20150113,2015,01,13,201501,91019.0,-0.3,0.0
20150112,2015,01,12,201501,89953.0,-3.1,0.0
20150111,2015,01,11,201501,88542.0,-1.5,0.0
20150110,2015,01,10,201501,90179.0,-0.6,0.0
20150109,2015,01,09,201501,90631.0,-2.4,0.0
20150108,2015,01,08,201501,90501.0,-5.6,0.0
20150107,2015,01,07,201501,90603.0,-6.4,0.0
20150106,2015,01,06,201501,90377.0,-4.5,2.0
20150105,2015,01,05,201501,89735.0,2.7,0.0
20150104,2015,01,04,201501,89554.0,1.8,0.0
20150103,2015,01,03,201501,89309.0,-3.6,0.0
20150102,2015,01,02,201501,88904.0,-7.0,0.0
20150101,2015,01,01,201501,87437.0,-9.2,0.0
20141231,2014,12,31,201412,88465.0,-3.0,0.0
20141230,2014,12,30,201412,87982.0,1.5,0.0
20141229,2014,12,29,201412,89334.0,2.1,0.0
20141228,2014,12,28,201412,88205.0,-0.8,0.0
20141227,2014,12,27,201412,87776.0,-2.1,0.0
20141226,2014,12,26,201412,88766.0,-3.7,0.0
20141225,2014,12,25,201412,87476.0,-3.7,0.0
20141224,2014,12,24,201412,89319.0,1.1,0.0
20141223,2014,12,23,201412,89306.0,-1.6,0.0
20141222,2014,12,22,201412,90161.0,-5.0,0.0
20141221,2014,12,21,201412,88419.0,-7.2,0.0
20141220,2014,12,20,201412,87178.0,-2.7,1.5
20141219,2014,12,19,201412,88662.0,-5.0,0.5
20141218,2014,12,18,201412,90417.0,-9.0,0.0
20141217,2014,12,17,201412,89357.0,-10.3,0.0
20141216,2014,12,16,201412,88901.0,-6.4,0.0
20141215,2014,12,15,201412,87284.0,-0.9,8.5
20141214,2014,12,14,201412,86390.0,-4.4,0.0
20141213,2014,12,13,201412,85732.0,-6.3,0.0
20141212,2014,12,12,201412,86712.0,-4.8,0.0
20141211,2014,12,11,201412,83959.0,-3.0,0.0
20141210,2014,12,10,201412,83611.0,0.8,1.5
20141209,2014,12,09,201412,83546.0,-3.2,0.0
20141208,2014,12,08,201412,83930.0,-2.7,0.0
20141207,2014,12,07,201412,84502.0,-4.4,0.0
20141206,2014,12,06,201412,85981.0,-6.8,0.0
20141205,2014,12,05,201412,85235.0,-8.1,0.0
20141204,2014,12,04,201412,84674.0,-5.6,0.0
20141203,2014,12,03,201412,83524.0,-4.3,0.5
20141202,2014,12,02,201412,83143.0,-6.7,0.0
20141201,2014,12,01,201412,82383.0,-2.9,0.0
20141130,2014,11,30,201411,81337.0,7.2,5.0
20141129,2014,11,29,201411,80153.0,6.5,0.0
20141128,2014,11,28,201411,80681.0,7.1,10.0
20141127,2014,11,27,201411,80577.0,9.8,0.0
20141126,2014,11,26,201411,81043.0,9.1,0.0
20141125,2014,11,25,201411,80149.0,8.7,0.0
20141124,2014,11,24,201411,79370.0,8.9,0.0
20141123,2014,11,23,201411,77872.0,7.6,0.0
20141122,2014,11,22,201411,78919.0,9.7,6.0
20141121,2014,11,21,201411,79519.0,10.5,0.0
20141120,2014,11,20,201411,79120.0,7.2,0.0
20141119,2014,11,19,201411,77899.0,5.1,0.0
20141118,2014,11,18,201411,78007.0,4.1,0.0
20141117,2014,11,17,201411,77438.0,4.8,1.0
20141116,2014,11,16,201411,77244.0,5.5,0.5
20141115,2014,11,15,201411,77458.0,3.8,0.0
20141114,2014,11,14,201411,80825.0,3.4,0.0
20141113,2014,11,13,201411,81184.0,-1.2,0.0
20141112,2014,11,12,201411,81418.0,4.2,4.5
20141111,2014,11,11,201411,81339.0,8.9,1.5
20141110,2014,11,10,201411,79997.0,9.0,0.0
20141109,2014,11,09,201411,78554.0,9.0,0.0
20141108,2014,11,08,201411,79887.0,9.2,0.0
20141107,2014,11,07,201411,80844.0,9.3,0.0
20141106,2014,11,06,201411,80241.0,12.4,0.0
20141105,2014,11,05,201411,79874.0,11.8,0.0
20141104,2014,11,04,201411,78619.0,11.0,0.0
20141103,2014,11,03,201411,79110.0,8.2,0.0
20141102,2014,11,02,201411,78786.0,10.1,3.5
20141101,2014,11,01,201411,77622.0,15.8,0.0
20141031,2014,10,31,201410,77927.0,13.7,0.0
20141030,2014,10,30,201410,78731.0,14.3,0.0
20141029,2014,10,29,201410,78541.0,12.3,0.0
20141028,2014,10,28,201410,78754.0,9.6,0.0
20141027,2014,10,27,201410,77901.0,9.7,0.0
20141026,2014,10,26,201410,73546.0,14.8,0.5
20141025,2014,10,25,201410,73521.0,15.4,0.0
20141024,2014,10,24,201410,73478.0,14.0,0.0
20141023,2014,10,23,201410,75766.0,12.2,0.0
20141022,2014,10,22,201410,75905.0,11.7,0.0
20141021,2014,10,21,201410,76124.0,12.2,8.5
20141020,2014,10,20,201410,75520.0,12.7,13.0
20141019,2014,10,19,201410,74467.0,16.1,0.0
20141018,2014,10,18,201410,74637.0,15.1,0.0
20141017,2014,10,17,201410,75242.0,13.3,0.0
20141016,2014,10,16,201410,75304.0,12.1,4.0
20141015,2014,10,15,201410,74299.0,13.2,0.0
20141014,2014,10,14,201410,74374.0,12.9,0.0
20141013,2014,10,13,201410,73997.0,15.4,0.0
20141012,2014,10,12,201410,73988.0,19.9,0.0
20141011,2014,10,11,201410,73189.0,17.7,0.0
20141010,2014,10,10,201410,74379.0,17.6,0.0
20141009,2014,10,09,201410,75915.0,17.7,0.0
20141008,2014,10,08,201410,75745.0,0.0,0.0
20141007,2014,10,07,201410,75903.0,15.1,0.0
20141006,2014,10,06,201410,74429.0,15.3,0.0
20141005,2014,10,05,201410,74883.0,15.2,0.0
20141004,2014,10,04,201410,73092.0,15.6,0.0
20141003,2014,10,03,201410,74473.0,15.2,0.0
20141002,2014,10,02,201410,77070.0,16.6,7.5
20141001,2014,10,01,201410,76072.0,17.5,0.0
20140930,2014,09,30,201409,77174.0,17.2,0.0
20140929,2014,09,29,201409,75933.0,18.0,15.5
20140928,2014,09,28,201409,74242.0,20.5,0.0
20140927,2014,09,27,201409,73932.0,20.4,0.0
20140926,2014,09,26,201409,75528.0,19.6,0.0
20140925,2014,09,25,201409,76389.0,21.0,0.0
20140924,2014,09,24,201409,77455.0,18.8,3.5
20140923,2014,09,23,201409,77689.0,21.4,0.0
20140922,2014,09,22,201409,77752.0,20.4,0.0
20140921,2014,09,21,201409,74506.0,19.3,0.0
20140920,2014,09,20,201409,73655.0,20.4,0.0
20140919,2014,09,19,201409,77286.0,20.3,0.0
20140918,2014,09,18,201409,77788.0,19.0,0.0
20140917,2014,09,17,201409,78500.0,19.7,0.0
20140916,2014,09,16,201409,78001.0,20.9,0.0
20140915,2014,09,15,201409,77018.0,21.9,0.0
20140914,2014,09,14,201409,71949.0,21.4,0.0
20140913,2014,09,13,201409,72761.0,21.7,0.0
20140912,2014,09,12,201409,76704.0,20.5,0.0
20140911,2014,09,11,201409,77387.0,22.8,0.0
20140910,2014,09,10,201409,75569.0,21.9,0.0
20140909,2014,09,09,201409,74859.0,22.7,0.0
20140908,2014,09,08,201409,75957.0,24.0,0.0
20140907,2014,09,07,201409,76320.0,24.1,0.0
20140906,2014,09,06,201409,76176.0,24.2,0.0
20140905,2014,09,05,201409,81126.0,23.0,0.0
20140904,2014,09,04,201409,80684.0,21.3,0.0
20140903,2014,09,03,201409,81238.0,17.8,0.0
20140902,2014,09,02,201409,80519.0,21.5,5.0
20140901,2014,09,01,201409,81039.0,22.9,0.0
20140831,2014,08,31,201408,81746.0,22.7,0.0
20140830,2014,08,30,201408,79190.0,23.5,0.0
20140829,2014,08,29,201408,80945.0,23.4,0.0
20140828,2014,08,28,201408,81265.0,23.7,0.0
20140827,2014,08,27,201408,82142.0,22.8,0.0
20140826,2014,08,26,201408,82228.0,23.1,0.0
20140825,2014,08,25,201408,82934.0,24.1,0.0
20140824,2014,08,24,201408,80701.0,24.4,0.0
20140823,2014,08,23,201408,80035.0,24.3,0.0
20140822,2014,08,22,201408,83545.0,23.6,0.0
20140821,2014,08,21,201408,83984.0,21.5,0.0
20140820,2014,08,20,201408,83693.0,23.5,0.0
20140819,2014,08,19,201408,84008.0,20.7,0.0
20140818,2014,08,18,201408,83970.0,20.4,0.0
20140817,2014,08,17,201408,82577.0,22.5,0.0
20140816,2014,08,16,201408,81026.0,25.0,0.0
20140815,2014,08,15,201408,81731.0,23.7,0.0
20140814,2014,08,14,201408,84182.0,20.4,0.0
20140813,2014,08,13,201408,83327.0,22.7,0.0
20140812,2014,08,12,201408,83328.0,24.5,0.0
20140811,2014,08,11,201408,83859.0,22.7,0.0
20140810,2014,08,10,201408,82217.0,21.7,0.0
20140809,2014,08,09,201408,81683.0,24.5,0.0
20140808,2014,08,08,201408,83763.0,24.2,0.0
20140807,2014,08,07,201408,84813.0,23.6,0.0
20140806,2014,08,06,201408,83022.0,22.8,0.0
20140805,2014,08,05,201408,83404.0,25.2,0.0
20140804,2014,08,04,201408,82811.0,24.7,0.0
20140803,2014,08,03,201408,80592.0,24.5,0.0
20140802,2014,08,02,201408,80628.0,29.0,0.0
20140801,2014,08,01,201408,82655.0,28.4,0.0
20140731,2014,07,31,201407,83020.0,26.5,0.0
20140730,2014,07,30,201407,83387.0,27.3,0.0
20140729,2014,07,29,201407,84000.0,24.6,0.0
20140728,2014,07,28,201407,83501.0,25.2,0.0
20140727,2014,07,27,201407,81974.0,23.8,0.0
20140726,2014,07,26,201407,80516.0,21.0,0.0
20140725,2014,07,25,201407,84128.0,25.9,0.0
20140724,2014,07,24,201407,83670.0,20.1,0.0
20140723,2014,07,23,201407,83781.0,22.0,0.0
20140722,2014,07,22,201407,83240.0,24.4,0.0
20140721,2014,07,21,201407,82908.0,25.8,0.0
20140720,2014,07,20,201407,81360.0,26.2,0.0
20140719,2014,07,19,201407,79252.0,25.4,0.0
20140718,2014,07,18,201407,81050.0,24.6,0.0
20140717,2014,07,17,201407,80148.0,24.2,0.0
20140716,2014,07,16,201407,80324.0,25.2,0.0
20140715,2014,07,15,201407,80307.0,25.0,0.0
20140714,2014,07,14,201407,79828.0,25.3,0.0
20140713,2014,07,13,201407,77714.0,24.5,0.0
20140712,2014,07,12,201407,77808.0,24.2,0.0
20140711,2014,07,11,201407,79870.0,25.9,0.0
20140710,2014,07,10,201407,79522.0,27.3,0.0
20140709,2014,07,09,201407,78659.0,25.5,0.0
20140708,2014,07,08,201407,78164.0,24.7,0.0
20140707,2014,07,07,201407,77856.0,26.0,0.0
20140706,2014,07,06,201407,76422.0,24.4,0.0
20140705,2014,07,05,201407,75174.0,24.6,0.0
20140704,2014,07,04,201407,77939.0,25.5,0.0
20140703,2014,07,03,201407,78330.0,21.1,0.0
20140702,2014,07,02,201407,78077.0,24.5,0.0
20140701,2014,07,01,201407,77598.0,26.0,0.0
20140630,2014,06,30,201406,76831.0,24.5,0.0
20140629,2014,06,29,201406,75383.0,22.8,0.0
20140628,2014,06,28,201406,76353.0,22.9,0.0
20140627,2014,06,27,201406,77195.0,23.1,0.0
20140626,2014,06,26,201406,76473.0,23.8,0.0
20140625,2014,06,25,201406,76691.0,22.9,0.0
20140624,2014,06,24,201406,76698.0,21.7,0.0
20140623,2014,06,23,201406,76499.0,19.3,0.0
20140622,2014,06,22,201406,74948.0,21.4,0.0
20140621,2014,06,21,201406,75142.0,21.2,0.0
20140620,2014,06,20,201406,76953.0,22.5,0.0
20140619,2014,06,19,201406,76229.0,21.3,0.0
20140618,2014,06,18,201406,76405.0,23.0,0.0
20140617,2014,06,17,201406,75097.0,22.9,0.0
20140616,2014,06,16,201406,75244.0,22.8,0.0
20140615,2014,06,15,201406,74752.0,22.4,0.0
20140614,2014,06,14,201406,73253.0,21.4,0.0
20140613,2014,06,13,201406,75265.0,20.4,0.0
20140612,2014,06,12,201406,74225.0,19.8,0.0
20140611,2014,06,11,201406,74426.0,18.9,0.0
20140610,2014,06,10,201406,74552.0,21.8,0.0
20140609,2014,06,09,201406,75037.0,22.3,0.0
20140608,2014,06,08,201406,76689.0,20.6,0.0
20140607,2014,06,07,201406,73980.0,22.7,0.0
20140606,2014,06,06,201406,75770.0,23.4,0.0
20140605,2014,06,05,201406,75429.0,21.3,0.0
20140604,2014,06,04,201406,75459.0,21.2,0.0
20140603,2014,06,03,201406,74866.0,17.3,0.0
20140602,2014,06,02,201406,74289.0,21.5,0.0
20140601,2014,06,01,201406,73694.0,23.6,0.0
20140531,2014,05,31,201405,73356.0,25.5,0.0
20140530,2014,05,30,201405,74574.0,24.6,0.0
20140529,2014,05,29,201405,73156.0,22.7,0.0
20140528,2014,05,28,201405,73308.0,23.0,0.0
20140527,2014,05,27,201405,73310.0,22.2,0.0
20140526,2014,05,26,201405,73536.0,18.5,0.0
20140525,2014,05,25,201405,71114.0,19.3,0.0
20140524,2014,05,24,201405,67744.0,20.2,0.0
20140523,2014,05,23,201405,71512.0,20.8,0.0
20140522,2014,05,22,201405,71337.0,20.2,0.0
20140521,2014,05,21,201405,70695.0,18.6,0.0
20140520,2014,05,20,201405,70290.0,20.5,0.0
20140519,2014,05,19,201405,70761.0,19.6,0.0
20140518,2014,05,18,201405,69870.0,19.8,0.0
20140517,2014,05,17,201405,68032.0,19.7,0.0
20140516,2014,05,16,201405,69387.0,18.4,0.0
20140515,2014,05,15,201405,70522.0,16.8,0.0
20140514,2014,05,14,201405,69924.0,18.5,0.0
20140513,2014,05,13,201405,69385.0,18.5,0.0
20140512,2014,05,12,201405,69748.0,15.0,0.0
20140511,2014,05,11,201405,69755.0,17.0,0.0
20140510,2014,05,10,201405,68533.0,19.4,0.0
20140509,2014,05,09,201405,71606.0,16.1,0.0
20140508,2014,05,08,201405,72289.0,13.0,0.0
20140507,2014,05,07,201405,71722.0,15.1,0.0
20140506,2014,05,06,201405,70689.0,12.5,0.0
20140505,2014,05,05,201405,70419.0,10.1,0.0
20140504,2014,05,04,201405,70935.0,11.6,0.0
20140503,2014,05,03,201405,71128.0,12.3,0.0
20140502,2014,05,02,201405,72114.0,15.1,0.0
20140501,2014,05,01,201405,72950.0,15.2,0.0
20140430,2014,04,30,201404,73723.0,14.7,0.0
20140429,2014,04,29,201404,72233.0,13.6,0.0
20140428,2014,04,28,201404,72139.0,12.0,0.0
20140427,2014,04,27,201404,71031.0,13.5,0.0
20140426,2014,04,26,201404,69522.0,18.2,0.0
20140425,2014,04,25,201404,71743.0,19.2,0.0
20140424,2014,04,24,201404,72445.0,18.0,0.0
20140423,2014,04,23,201404,71889.0,16.5,0.0
20140422,2014,04,22,201404,72185.0,14.9,0.0
20140421,2014,04,21,201404,72156.0,13.8,0.0
20140420,2014,04,20,201404,70491.0,13.1,0.0
20140419,2014,04,19,201404,69979.0,11.9,0.0
20140418,2014,04,18,201404,71494.0,14.6,0.0
20140417,2014,04,17,201404,71273.0,13.6,0.0
20140416,2014,04,16,201404,69961.0,12.6,0.0
20140415,2014,04,15,201404,70170.0,11.7,0.0
20140414,2014,04,14,201404,71237.0,15.6,0.0
20140413,2014,04,13,201404,69789.0,16.1,0.0
20140412,2014,04,12,201404,69594.0,13.6,0.0
20140411,2014,04,11,201404,71742.0,12.7,0.0
20140410,2014,04,10,201404,71008.0,10.9,0.0
20140409,2014,04,09,201404,71458.0,9.1,0.0
20140408,2014,04,08,201404,70766.0,11.0,0.0
20140407,2014,04,07,201404,71203.0,9.5,0.0
20140406,2014,04,06,201404,71203.0,6.1,0.0
20140405,2014,04,05,201404,71860.0,4.8,0.0
20140404,2014,04,04,201404,71291.0,5.6,0.0
20140403,2014,04,03,201404,71900.0,8.7,0.0
20140402,2014,04,02,201404,70845.0,14.9,0.0
20140401,2014,04,01,201404,71756.0,15.7,0.0
20140331,2014,03,31,201403,71728.0,14.1,0.0
20140330,2014,03,30,201403,70630.0,13.1,0.0
20140329,2014,03,29,201403,72425.0,13.3,0.0
20140328,2014,03,28,201403,75753.0,15.2,0.0
20140327,2014,03,27,201403,76132.0,12.3,0.0
20140326,2014,03,26,201403,75610.0,14.4,0.0
20140325,2014,03,25,201403,76370.0,13.0,0.0
20140324,2014,03,24,201403,75622.0,10.5,0.0
20140323,2014,03,23,201403,74272.0,9.5,0.0
20140322,2014,03,22,201403,73432.0,7.9,0.0
20140321,2014,03,21,201403,76106.0,4.8,0.0
20140320,2014,03,20,201403,76095.0,5.0,0.0
20140319,2014,03,19,201403,75232.0,8.2,0.0
20140318,2014,03,18,201403,74496.0,9.5,0.0
20140317,2014,03,17,201403,74736.0,12.1,0.0
20140316,2014,03,16,201403,71711.0,10.3,0.0
20140315,2014,03,15,201403,70657.0,6.2,0.0
20140314,2014,03,14,201403,76111.0,2.4,0.0
20140313,2014,03,13,201403,76505.0,3.4,0.0
20140312,2014,03,12,201403,76527.0,5.7,0.0
20140311,2014,03,11,201403,77020.0,3.6,0.0
20140310,2014,03,10,201403,77100.0,0.5,0.0
20140309,2014,03,09,201403,75415.0,0.0,0.0
20140308,2014,03,08,201403,73455.0,1.4,0.0
20140307,2014,03,07,201403,78016.0,-2.0,0.0
20140306,2014,03,06,201403,77322.0,-1.0,0.0
20140305,2014,03,05,201403,76534.0,-0.4,0.0
20140304,2014,03,04,201403,76876.0,5.4,0.0
20140303,2014,03,03,201403,76084.0,4.8,0.0
20140302,2014,03,02,201403,74695.0,3.6,0.0
20140301,2014,03,01,201403,74148.0,5.1,0.0
20140228,2014,02,28,201402,76274.0,5.7,0.0
20140227,2014,02,27,201402,75749.0,7.5,0.0
20140226,2014,02,26,201402,75725.0,7.9,0.0
20140225,2014,02,25,201402,76019.0,5.6,0.0
20140224,2014,02,24,201402,78232.0,3.6,0.0
20140223,2014,02,23,201402,77864.0,2.5,0.0
20140222,2014,02,22,201402,77296.0,2.0,0.0
20140221,2014,02,21,201402,79834.0,0.3,0.0
20140220,2014,02,20,201402,79510.0,0.3,0.0
20140219,2014,02,19,201402,80515.0,0.8,0.0
20140218,2014,02,18,201402,80300.0,1.2,0.0
20140217,2014,02,17,201402,80146.0,3.3,0.0
20140216,2014,02,16,201402,79288.0,2.7,0.0
20140215,2014,02,15,201402,79036.0,1.9,0.0
20140214,2014,02,14,201402,81774.0,1.3,0.0
20140213,2014,02,13,201402,81472.0,0.6,0.0
20140212,2014,02,12,201402,82049.0,-0.3,0.0
20140211,2014,02,11,201402,82337.0,-1.3,0.0
20140210,2014,02,10,201402,82249.0,-1.5,0.0
20140209,2014,02,09,201402,81858.0,-2.7,0.0
20140208,2014,02,08,201402,79368.0,-1.6,0.0
20140207,2014,02,07,201402,81921.0,0.3,0.0
20140206,2014,02,06,201402,82873.0,-2.2,0.0
20140205,2014,02,05,201402,83333.0,-6.0,0.0
20140204,2014,02,04,201402,83238.0,-9.0,0.0
20140203,2014,02,03,201402,81736.0,-5.0,0.0
20140202,2014,02,02,201402,79950.0,3.9,0.0
20140201,2014,02,01,201402,78634.0,3.0,0.0
20140131,2014,01,31,201401,80632.0,0.2,0.0
20140130,2014,01,30,201401,81281.0,2.6,0.0
20140129,2014,01,29,201401,82244.0,1.2,0.0
20140128,2014,01,28,201401,83139.0,0.3,0.0
20140127,2014,01,27,201401,83213.0,-0.7,0.0
20140126,2014,01,26,201401,81313.0,-2.8,0.0
20140125,2014,01,25,201401,79201.0,3.1,0.0
20140124,2014,01,24,201401,82780.0,1.8,0.0
20140123,2014,01,23,201401,83135.0,-1.4,0.0
20140122,2014,01,22,201401,84077.0,-4.4,0.0
20140121,2014,01,21,201401,84080.0,-6.6,0.0
20140120,2014,01,20,201401,83514.0,-2.9,0.0
20140119,2014,01,19,201401,82786.0,-3.3,0.0
20140118,2014,01,18,201401,82802.0,-3.4,0.0
20140117,2014,01,17,201401,83911.0,-0.6,0.0
20140116,2014,01,16,201401,82300.0,-0.7,0.0
20140115,2014,01,15,201401,83690.0,-3.6,0.0
20140114,2014,01,14,201401,83755.0,-4.9,0.0
20140113,2014,01,13,201401,83484.0,-7.2,0.0
20140112,2014,01,12,201401,83318.0,-3.4,0.0
20140111,2014,01,11,201401,80527.0,-2.2,0.0
20140110,2014,01,10,201401,82348.0,-5.4,0.0
20140109,2014,01,09,201401,82525.0,-9.1,0.0
20140108,2014,01,08,201401,82226.0,-0.9,0.0
20140107,2014,01,07,201401,82224.0,2.5,0.0
20140106,2014,01,06,201401,81904.0,0.4,0.0
20140105,2014,01,05,201401,80595.0,-0.9,0.0
20140104,2014,01,04,201401,79898.0,-0.7,0.0
20140103,2014,01,03,201401,81239.0,2.4,0.0
20140102,2014,01,02,201401,81121.0,1.4,0.0
20140101,2014,01,01,201401,80957.0,3.2,0.0
20131231,2013,12,31,201312,81536.0,3.1,0.0
20131230,2013,12,30,201312,81472.0,1.8,0.0
20131229,2013,12,29,201312,80266.0,-3.2,0.0
20131228,2013,12,28,201312,79283.0,-6.8,0.0
20131227,2013,12,27,201312,81129.0,-7.8,0.0
20131226,2013,12,26,201312,80779.0,-1.3,0.0
20131225,2013,12,25,201312,80803.0,-0.8,0.0
20131224,2013,12,24,201312,80597.0,-2.2,0.0
20131223,2013,12,23,201312,81008.0,-2.0,0.0
20131222,2013,12,22,201312,79413.0,-3.0,0.0
20131221,2013,12,21,201312,78851.0,-3.7,0.0
20131220,2013,12,20,201312,81588.0,-5.2,0.0
20131219,2013,12,19,201312,80810.0,-4.6,0.0
20131218,2013,12,18,201312,81117.0,1.6,0.0
20131217,2013,12,17,201312,81295.0,-0.7,0.0
20131216,2013,12,16,201312,81270.0,-3.9,0.0
20131215,2013,12,15,201312,78766.0,-4.6,0.0
20131214,2013,12,14,201312,76972.0,-5.1,0.0
20131213,2013,12,13,201312,80780.0,-7.6,0.0
20131212,2013,12,12,201312,81256.0,-4.0,0.0
20131211,2013,12,11,201312,81996.0,-3.0,0.0
20131210,2013,12,10,201312,81637.0,-1.1,0.0
20131209,2013,12,09,201312,80918.0,2.5,0.0
20131208,2013,12,08,201312,76979.0,3.1,0.0
20131207,2013,12,07,201312,76325.0,5.4,0.0
20131206,2013,12,06,201312,79746.0,2.0,0.0
20131205,2013,12,05,201312,78674.0,4.8,0.0
20131204,2013,12,04,201312,78920.0,5.3,0.0
20131203,2013,12,03,201312,79492.0,6.0,0.0
20131202,2013,12,02,201312,78710.0,3.7,0.0
20131201,2013,12,01,201312,76293.0,3.7,0.0
20131130,2013,11,30,201311,75919.0,4.3,0.0
20131129,2013,11,29,201311,79653.0,-1.3,0.0
20131128,2013,11,28,201311,78870.0,-5.1,0.0
20131127,2013,11,27,201311,77168.0,-1.3,0.0
20131126,2013,11,26,201311,77306.0,1.3,0.0
20131125,2013,11,25,201311,77044.0,3.1,0.0
20131124,2013,11,24,201311,74793.0,6.1,0.0
20131123,2013,11,23,201311,73671.0,7.4,0.0
20131122,2013,11,22,201311,76138.0,4.5,0.0
20131121,2013,11,21,201311,76001.0,1.8,0.0
20131120,2013,11,20,201311,76239.0,0.3,0.0
20131119,2013,11,19,201311,74992.0,-0.5,0.0
20131118,2013,11,18,201311,74742.0,-0.5,0.0
20131117,2013,11,17,201311,71737.0,3.2,0.0
20131116,2013,11,16,201311,70621.0,5.6,0.0
20131115,2013,11,15,201311,74331.0,7.0,0.0
20131114,2013,11,14,201311,73819.0,5.6,0.0
20131113,2013,11,13,201311,73794.0,4.2,0.0
20131112,2013,11,12,201311,74155.0,2.5,0.0
20131111,2013,11,11,201311,73963.0,1.3,0.0
20131110,2013,11,10,201311,69772.0,3.8,0.0
20131109,2013,11,09,201311,68364.0,9.9,0.0
20131108,2013,11,08,201311,72084.0,8.2,0.0
20131107,2013,11,07,201311,71593.0,10.4,0.0
20131106,2013,11,06,201311,71457.0,11.2,0.0
20131105,2013,11,05,201311,70899.0,12.0,0.0
20131104,2013,11,04,201311,71064.0,11.6,0.0
20131103,2013,11,03,201311,68532.0,10.4,0.0
20131102,2013,11,02,201311,67924.0,11.0,0.0
20131101,2013,11,01,201311,69404.0,13.8,0.0
20131031,2013,10,31,201310,69799.0,11.0,0.0
20131030,2013,10,30,201310,70201.0,9.4,0.0
20131029,2013,10,29,201310,70005.0,11.7,0.0
20131028,2013,10,28,201310,69356.0,11.8,0.0
20131027,2013,10,27,201310,68172.0,11.3,0.0
20131026,2013,10,26,201310,66414.0,9.5,0.0
20131025,2013,10,25,201310,70573.0,8.2,0.0
20131024,2013,10,24,201310,69665.0,12.2,0.0
20131023,2013,10,23,201310,68986.0,14.8,0.0
20131022,2013,10,22,201310,68757.0,14.2,0.0
20131021,2013,10,21,201310,68004.0,14.5,0.0
20131020,2013,10,20,201310,65914.0,15.3,0.0
20131019,2013,10,19,201310,66713.0,13.6,0.0
20131018,2013,10,18,201310,67720.0,12.6,0.0
20131017,2013,10,17,201310,68582.0,11.9,0.0
20131016,2013,10,16,201310,69098.0,10.5,0.0
20131015,2013,10,15,201310,68613.0,10.9,0.0
20131014,2013,10,14,201310,68567.0,17.3,0.0
20131013,2013,10,13,201310,66754.0,16.2,0.0
20131012,2013,10,12,201310,66960.0,15.5,0.0
20131011,2013,10,11,201310,69410.0,16.4,0.0
20131010,2013,10,10,201310,69784.0,19.9,0.0
20131009,2013,10,09,201310,68974.0,19.5,0.0
20131008,2013,10,08,201310,69879.0,18.6,0.0
20131007,2013,10,07,201310,70074.0,21.1,0.0
20131006,2013,10,06,201310,68695.0,19.3,0.0
20131005,2013,10,05,201310,67497.0,19.1,0.0
20131004,2013,10,04,201310,68324.0,16.9,0.0
20131003,2013,10,03,201310,68693.0,15.3,0.0
20131002,2013,10,02,201310,68092.0,17.9,0.0
20131001,2013,10,01,201310,68888.0,19.8,0.0
20130930,2013,09,30,201309,69875.0,18.9,0.0
20130929,2013,09,29,201309,69052.0,15.4,0.0
20130928,2013,09,28,201309,67081.0,15.7,0.0
20130927,2013,09,27,201309,70742.0,17.1,0.0
20130926,2013,09,26,201309,71963.0,16.6,0.0
20130925,2013,09,25,201309,72891.0,17.7,0.0
20130924,2013,09,24,201309,72355.0,20.4,0.0
20130923,2013,09,23,201309,71411.0,22.0,0.0
20130922,2013,09,22,201309,71154.0,21.2,0.0
20130921,2013,09,21,201309,71001.0,22.9,0.0
20130920,2013,09,20,201309,72540.0,22.7,0.0
20130919,2013,09,19,201309,73168.0,23.0,0.0
20130918,2013,09,18,201309,72932.0,23.5,0.0
20130917,2013,09,17,201309,77346.0,21.8,0.0
20130916,2013,09,16,201309,76219.0,20.8,0.0
20130915,2013,09,15,201309,75124.0,22.8,0.0
20130914,2013,09,14,201309,73123.0,21.8,0.0
20130913,2013,09,13,201309,76337.0,21.6,0.0
20130912,2013,09,12,201309,76263.0,21.8,0.0
20130911,2013,09,11,201309,76738.0,18.6,0.0
20130910,2013,09,10,201309,76594.0,20.6,0.0
20130909,2013,09,09,201309,75557.0,21.8,0.0
20130908,2013,09,08,201309,73747.0,21.6,0.0
20130907,2013,09,07,201309,74006.0,20.7,0.0
20130906,2013,09,06,201309,77824.0,19.4,0.0
20130905,2013,09,05,201309,77473.0,19.5,0.0
20130904,2013,09,04,201309,77502.0,20.8,0.0
20130903,2013,09,03,201309,76614.0,21.1,0.0
20130902,2013,09,02,201309,76908.0,21.7,0.0
20130901,2013,09,01,201309,73229.0,23.1,0.0
20130831,2013,08,31,201308,72611.0,22.7,0.0
20130830,2013,08,30,201308,75588.0,24.2,0.0
20130829,2013,08,29,201308,75951.0,23.9,0.0
20130828,2013,08,28,201308,76429.0,25.4,0.0
20130827,2013,08,27,201308,77414.0,24.8,0.0
20130826,2013,08,26,201308,77747.0,25.9,0.0
20130825,2013,08,25,201308,75963.0,26.1,0.0
20130824,2013,08,24,201308,74834.0,25.7,0.0
20130823,2013,08,23,201308,77072.0,24.5,0.0
20130822,2013,08,22,201308,77631.0,28.7,0.0
20130821,2013,08,21,201308,76982.0,27.9,0.0
20130820,2013,08,20,201308,77908.0,26.6,0.0
20130819,2013,08,19,201308,78734.0,27.3,0.0
20130818,2013,08,18,201308,76922.0,27.2,0.0
20130817,2013,08,17,201308,75968.0,27.7,0.0
20130816,2013,08,16,201308,78167.0,27.9,0.0
20130815,2013,08,15,201308,77233.0,27.7,0.0
20130814,2013,08,14,201308,77778.0,28.0,0.0
20130813,2013,08,13,201308,77039.0,28.6,0.0
20130812,2013,08,12,201308,77413.0,28.9,0.0
20130811,2013,08,11,201308,74960.0,27.9,0.0
20130810,2013,08,10,201308,75710.0,26.7,0.0
20130809,2013,08,09,201308,78046.0,28.0,0.0
20130808,2013,08,08,201308,78056.0,28.3,0.0
20130807,2013,08,07,201308,77831.0,27.9,0.0
20130806,2013,08,06,201308,77895.0,25.3,0.0
20130805,2013,08,05,201308,77532.0,26.8,0.0
20130804,2013,08,04,201308,74017.0,27.2,0.0
20130803,2013,08,03,201308,73083.0,27.8,0.0
20130802,2013,08,02,201308,75609.0,25.9,0.0
20130801,2013,08,01,201308,76416.0,27.1,0.0
20130731,2013,07,31,201307,77465.0,25.0,0.0
20130730,2013,07,30,201307,77429.0,25.0,0.0
20130729,2013,07,29,201307,77106.0,25.6,0.0
20130728,2013,07,28,201307,75479.0,24.1,0.0
20130727,2013,07,27,201307,75708.0,25.0,0.0
20130726,2013,07,26,201307,77440.0,25.4,0.0
20130725,2013,07,25,201307,77766.0,25.2,0.0
20130724,2013,07,24,201307,78156.0,23.8,0.0
20130723,2013,07,23,201307,78240.0,24.5,0.0
20130722,2013,07,22,201307,78357.0,25.4,0.0
20130721,2013,07,21,201307,74678.0,25.5,0.0
20130720,2013,07,20,201307,74576.0,26.0,0.0
20130719,2013,07,19,201307,76473.0,26.2,0.0
20130718,2013,07,18,201307,76557.0,24.3,0.0
20130717,2013,07,17,201307,76169.0,23.1,0.0
20130716,2013,07,16,201307,76548.0,25.4,0.0
20130715,2013,07,15,201307,76298.0,25.3,0.0
20130714,2013,07,14,201307,73490.0,23.0,0.0
20130713,2013,07,13,201307,72952.0,23.4,0.0
20130712,2013,07,12,201307,75197.0,22.5,0.0
20130711,2013,07,11,201307,74699.0,23.4,0.0
20130710,2013,07,10,201307,74663.0,24.1,0.0
20130709,2013,07,09,201307,74321.0,23.6,0.0
20130708,2013,07,08,201307,74535.0,23.3,0.0
20130707,2013,07,07,201307,70878.0,23.3,0.0
20130706,2013,07,06,201307,71257.0,24.4,0.0
20130705,2013,07,05,201307,75373.0,24.2,0.0
20130704,2013,07,04,201307,75116.0,23.7,0.0
20130703,2013,07,03,201307,75380.0,24.3,0.0
20130702,2013,07,02,201307,75086.0,22.8,0.0
20130701,2013,07,01,201307,74572.0,26.0,0.0
20130630,2013,06,30,201306,71912.0,26.6,0.0
20130629,2013,06,29,201306,71110.0,25.9,0.0
20130628,2013,06,28,201306,74174.0,24.1,0.0
20130627,2013,06,27,201306,73565.0,24.1,0.0
20130626,2013,06,26,201306,73582.0,23.7,0.0
20130625,2013,06,25,201306,73751.0,23.5,0.0
20130624,2013,06,24,201306,72501.0,22.0,0.0
20130623,2013,06,23,201306,68226.0,21.9,0.0
20130622,2013,06,22,201306,68979.0,23.8,0.0
20130621,2013,06,21,201306,71563.0,25.3,0.0
20130620,2013,06,20,201306,72028.0,25.0,0.0
20130619,2013,06,19,201306,71872.0,23.2,0.0
20130618,2013,06,18,201306,72031.0,20.3,0.0
20130617,2013,06,17,201306,70892.0,21.0,0.0
20130616,2013,06,16,201306,66461.0,21.5,0.0
20130615,2013,06,15,201306,67663.0,23.5,0.0
20130614,2013,06,14,201306,71209.0,23.9,0.0
20130613,2013,06,13,201306,71175.0,21.8,0.0
20130612,2013,06,12,201306,70426.0,19.0,0.0
20130611,2013,06,11,201306,71426.0,21.7,0.0
20130610,2013,06,10,201306,70725.0,25.8,0.0
20130609,2013,06,09,201306,64713.0,25.8,0.0
20130608,2013,06,08,201306,65731.0,25.0,0.0
20130607,2013,06,07,201306,67653.0,24.9,0.0
20130606,2013,06,06,201306,66583.0,23.3,0.0
20130605,2013,06,05,201306,68200.0,24.0,0.0
20130604,2013,06,04,201306,67392.0,22.0,0.0
20130603,2013,06,03,201306,66890.0,20.9,0.0
20130602,2013,06,02,201306,66090.0,22.1,0.0
20130601,2013,06,01,201306,64898.0,20.9,0.0
20130531,2013,05,31,201305,67329.0,20.9,0.0
20130530,2013,05,30,201305,67127.0,18.3,0.0
20130529,2013,05,29,201305,67831.0,14.7,0.0
20130528,2013,05,28,201305,68910.0,17.5,0.0
20130527,2013,05,27,201305,69104.0,18.1,0.0
20130526,2013,05,26,201305,67381.0,22.8,0.0
20130525,2013,05,25,201305,65422.0,23.9,0.0
20130524,2013,05,24,201305,67100.0,20.5,0.0
20130523,2013,05,23,201305,66527.0,21.1,0.0
20130522,2013,05,22,201305,66430.0,18.4,0.0
20130521,2013,05,21,201305,65171.0,17.6,0.0
20130520,2013,05,20,201305,65318.0,13.5,0.0
20130519,2013,05,19,201305,62765.0,15.1,0.0
20130518,2013,05,18,201305,61758.0,16.7,0.0
20130517,2013,05,17,201305,62517.0,18.7,0.0
20130516,2013,05,16,201305,65686.0,19.8,0.0
20130515,2013,05,15,201305,66135.0,18.4,0.0
20130514,2013,05,14,201305,66013.0,19.4,0.0
20130513,2013,05,13,201305,66246.0,20.7,0.0
20130512,2013,05,12,201305,64118.0,18.0,0.0
20130511,2013,05,11,201305,64747.0,17.0,0.0
20130510,2013,05,10,201305,66336.0,13.0,0.0
20130509,2013,05,09,201305,66088.0,16.9,0.0
20130508,2013,05,08,201305,65576.0,18.7,0.0
20130507,2013,05,07,201305,65103.0,17.7,0.0
20130506,2013,05,06,201305,65206.0,13.8,0.0
20130505,2013,05,05,201305,65175.0,13.6,0.0
20130504,2013,05,04,201305,63404.0,12.7,0.0
20130503,2013,05,03,201305,65398.0,12.2,0.0
20130502,2013,05,02,201305,65971.0,11.4,0.0
20130501,2013,05,01,201305,65950.0,12.3,0.0
20130430,2013,04,30,201304,65965.0,12.6,0.0
20130429,2013,04,29,201304,65917.0,12.6,0.0
20130428,2013,04,28,201304,63511.0,14.4,0.0
20130427,2013,04,27,201304,64207.0,12.0,0.0
20130426,2013,04,26,201304,66289.0,10.4,0.0
20130425,2013,04,25,201304,66451.0,7.8,0.0
20130424,2013,04,24,201304,65433.0,11.3,0.0
20130423,2013,04,23,201304,66528.0,9.7,0.0
20130422,2013,04,22,201304,66051.0,10.6,0.0
20130421,2013,04,21,201304,64851.0,7.6,0.0
20130420,2013,04,20,201304,64731.0,4.7,0.0
20130419,2013,04,19,201304,67906.0,8.3,0.0
20130418,2013,04,18,201304,67381.0,10.6,0.0
20130417,2013,04,17,201304,67742.0,12.5,0.0
20130416,2013,04,16,201304,68267.0,12.2,0.0
20130415,2013,04,15,201304,68457.0,6.3,0.0
20130414,2013,04,14,201304,66093.0,6.6,0.0
20130413,2013,04,13,201304,67062.0,10.6,0.0
20130412,2013,04,12,201304,69195.0,5.3,0.0
20130411,2013,04,11,201304,69737.0,4.2,0.0
20130410,2013,04,10,201304,69345.0,3.5,0.0
20130409,2013,04,09,201304,69454.0,4.5,0.0
20130408,2013,04,08,201304,69370.0,6.5,0.0
20130407,2013,04,07,201304,68867.0,3.9,0.0
20130406,2013,04,06,201304,68732.0,6.1,0.0
20130405,2013,04,05,201304,69187.0,13.4,0.0
20130404,2013,04,04,201304,69894.0,11.7,0.0
20130403,2013,04,03,201304,69889.0,7.0,0.0
20130402,2013,04,02,201304,70225.0,5.9,0.0
20130401,2013,04,01,201304,69997.0,7.9,0.0
20130331,2013,03,31,201303,70153.0,5.5,0.0
20130330,2013,03,30,201303,68269.0,3.6,0.0
20130329,2013,03,29,201303,71644.0,4.3,0.0
20130328,2013,03,28,201303,71507.0,6.1,0.0
20130327,2013,03,27,201303,71498.0,7.0,0.0
20130326,2013,03,26,201303,72349.0,3.3,0.0
20130325,2013,03,25,201303,72352.0,1.4,0.0
20130324,2013,03,24,201303,71357.0,3.8,0.0
20130323,2013,03,23,201303,69949.0,4.2,0.0
20130322,2013,03,22,201303,74743.0,2.0,0.0
20130321,2013,03,21,201303,74117.0,0.3,0.0
20130320,2013,03,20,201303,73897.0,1.0,0.0
20130319,2013,03,19,201303,73645.0,6.6,0.0
20130318,2013,03,18,201303,73647.0,7.3,0.0
20130317,2013,03,17,201303,69967.0,7.1,0.0
20130316,2013,03,16,201303,71062.0,5.4,0.0
20130315,2013,03,15,201303,74939.0,3.4,0.0
20130314,2013,03,14,201303,74976.0,2.8,0.0
20130313,2013,03,13,201303,74637.0,3.8,0.0
20130312,2013,03,12,201303,74563.0,6.8,0.0
20130311,2013,03,11,201303,74917.0,2.5,0.0
20130310,2013,03,10,201303,72899.0,-0.5,0.0
20130309,2013,03,09,201303,72301.0,12.1,0.0
20130308,2013,03,08,201303,75458.0,7.6,0.0
20130307,2013,03,07,201303,75324.0,6.9,0.0
20130306,2013,03,06,201303,75894.0,6.7,0.0
20130305,2013,03,05,201303,76074.0,2.5,0.0
20130304,2013,03,04,201303,76523.0,1.8,0.0
20130303,2013,03,03,201303,73966.0,-1.0,0.0
20130302,2013,03,02,201303,73991.0,-2.1,0.0
20130301,2013,03,01,201303,74147.0,-0.8,0.0
20130228,2013,02,28,201302,75904.0,4.9,0.0
20130227,2013,02,27,201302,76114.0,2.2,0.0
20130226,2013,02,26,201302,76725.0,3.1,0.0
20130225,2013,02,25,201302,76806.0,2.1,0.0
20130224,2013,02,24,201302,75013.0,0.2,0.0
20130223,2013,02,23,201302,74790.0,-2.5,0.0
20130222,2013,02,22,201302,77225.0,-0.9,0.0
20130221,2013,02,21,201302,77022.0,-3.2,0.0
20130220,2013,02,20,201302,77534.0,-6.0,0.0
20130219,2013,02,19,201302,76628.0,-4.7,0.0
20130218,2013,02,18,201302,75669.0,-0.9,0.0
20130217,2013,02,17,201302,75216.0,0.5,0.0
20130216,2013,02,16,201302,75072.0,-4.0,0.0
20130215,2013,02,15,201302,77804.0,-2.9,0.0
20130214,2013,02,14,201302,77815.0,-0.4,0.0
20130213,2013,02,13,201302,77572.0,-2.8,0.0
20130212,2013,02,12,201302,76879.0,-5.4,0.0
20130211,2013,02,11,201302,76286.0,-7.1,0.0
20130210,2013,02,10,201302,75694.0,-5.4,0.0
20130209,2013,02,09,201302,76723.0,-8.7,0.0
20130208,2013,02,08,201302,79482.0,-12.6,0.0
20130207,2013,02,07,201302,79338.0,-12.7,0.0
20130206,2013,02,06,201302,79022.0,-3.0,1.5
20130205,2013,02,05,201302,78931.0,-2.3,3.0
20130204,2013,02,04,201302,78475.0,-2.6,2.0
20130203,2013,02,03,201302,76538.0,-5.0,1.0
20130202,2013,02,02,201302,75023.0,-2.3,0.0
20130201,2013,02,01,201302,78642.0,6.3,37.5
20130131,2013,01,31,201301,79320.0,6.0,0.0
20130130,2013,01,30,201301,79606.0,4.2,0.0
20130129,2013,01,29,201301,80537.0,0.6,0.0
20130128,2013,01,28,201301,79415.0,-5.0,0.0
20130127,2013,01,27,201301,77344.0,-8.6,0.0
20130126,2013,01,26,201301,79541.0,-10.9,0.0
20130125,2013,01,25,201301,80578.0,-10.6,0.0
20130124,2013,01,24,201301,80037.0,-2.4,0.5
20130123,2013,01,23,201301,79568.0,0.3,0.5
20130122,2013,01,22,201301,78867.0,2.4,0.0
20130121,2013,01,21,201301,80040.0,1.0,4.0
20130120,2013,01,20,201301,78117.0,0.0,0.0
20130119,2013,01,19,201301,79390.0,-0.5,0.0
20130118,2013,01,18,201301,80077.0,-5.2,0.0
20130117,2013,01,17,201301,81332.0,-7.2,0.0
20130116,2013,01,16,201301,80558.0,-3.9,0.0
20130115,2013,01,15,201301,80545.0,-3.2,0.0
20130114,2013,01,14,201301,80296.0,-2.8,0.0
20130113,2013,01,13,201301,78708.0,-1.6,0.0
20130112,2013,01,12,201301,78759.0,-1.2,0.0
20130111,2013,01,11,201301,81220.0,-5.2,0.0
20130110,2013,01,10,201301,81360.0,-9.4,0.0
20130109,2013,01,09,201301,81318.0,-10.2,0.0
20130108,2013,01,08,201301,80944.0,-5.6,0.0
20130107,2013,01,07,201301,80129.0,-6.2,0.0
20130106,2013,01,06,201301,80965.0,-7.3,0.0
20130105,2013,01,05,201301,80620.0,-7.9,0.0
20130104,2013,01,04,201301,80843.0,-12.0,0.0
20130103,2013,01,03,201301,80713.0,-14.3,0.0
20130102,2013,01,02,201301,80125.0,-13.3,0.0
20130101,2013,01,01,201301,76730.0,-6.5,1.5
20121231,2012,12,31,201212,78269.0,-9.9,0.0
20121230,2012,12,30,201212,76403.0,-9.7,3.5
20121229,2012,12,29,201212,74180.0,-1.4,3.5
20121228,2012,12,28,201212,78431.0,-2.2,0.0
20121227,2012,12,27,201212,79560.0,-7.0,0.0
20121226,2012,12,26,201212,79972.0,-12.1,0.0
20121225,2012,12,25,201212,78589.0,-10.2,0.0
20121224,2012,12,24,201212,79445.0,-10.2,0.0
20121223,2012,12,23,201212,77136.0,-10.6,0.0
20121222,2012,12,22,201212,75680.0,-4.7,0.0
20121221,2012,12,21,201212,79337.0,-2.6,0.0
20121220,2012,12,20,201212,79540.0,-4.6,0.0
20121219,2012,12,19,201212,77914.0,-8.3,0.0
20121218,2012,12,18,201212,79723.0,-8.7,0.0
20121217,2012,12,17,201212,77109.0,-1.8,0.0
20121216,2012,12,16,201212,74541.0,0.2,0.0
20121215,2012,12,15,201212,74497.0,3.5,0.0
20121214,2012,12,14,201212,78112.0,1.0,4.0
20121213,2012,12,13,201212,78018.0,-3.6,0.0
20121212,2012,12,12,201212,77915.0,-6.1,0.0
20121211,2012,12,11,201212,77785.0,-7.9,0.0
20121210,2012,12,10,201212,78748.0,-9.6,0.0
20121209,2012,12,09,201212,76236.0,-12.0,0.0
20121208,2012,12,08,201212,75673.0,-9.9,0.0
20121207,2012,12,07,201212,77087.0,-6.3,0.0
20121206,2012,12,06,201212,77176.0,-7.7,0.0
20121205,2012,12,05,201212,77353.0,-5.5,2.5
20121204,2012,12,04,201212,76647.0,-4.8,0.0
20121203,2012,12,03,201212,75410.0,0.4,4.5
20121202,2012,12,02,201212,73052.0,1.6,0.0
20121201,2012,12,01,201212,71837.0,-2.8,0.0
20121130,2012,11,30,201211,75686.0,0.3,1.0
20121129,2012,11,29,201211,75940.0,0.1,0.0
20121128,2012,11,28,201211,74423.0,4.1,2.0
20121127,2012,11,27,201211,74737.0,0.7,0.0
20121126,2012,11,26,201211,74242.0,0.8,0.5
20121125,2012,11,25,201211,72643.0,2.4,0.5
20121124,2012,11,24,201211,71305.0,0.7,0.0
20121123,2012,11,23,201211,72880.0,2.2,0.0
20121122,2012,11,22,201211,72661.0,5.6,0.0
20121121,2012,11,21,201211,72514.0,3.3,0.0
20121120,2012,11,20,201211,72205.0,1.0,0.0
20121119,2012,11,19,201211,72035.0,2.2,4.0
20121118,2012,11,18,201211,70125.0,2.5,0.0
20121117,2012,11,17,201211,69249.0,3.8,1.0
20121116,2012,11,16,201211,72320.0,4.3,9.5
20121115,2012,11,15,201211,71947.0,3.1,0.0
20121114,2012,11,14,201211,71352.0,1.0,0.0
20121113,2012,11,13,201211,70894.0,3.8,0.0
20121112,2012,11,12,201211,70630.0,6.0,3.5
20121111,2012,11,11,201211,68641.0,7.3,19.0
20121110,2012,11,10,201211,68618.0,10.3,0.0
20121109,2012,11,09,201211,68895.0,8.2,0.0
20121108,2012,11,08,201211,69457.0,8.0,0.0
20121107,2012,11,07,201211,69335.0,7.3,0.0
20121106,2012,11,06,201211,68811.0,5.9,5.0
20121105,2012,11,05,201211,68966.0,7.5,10.5
20121104,2012,11,04,201211,67051.0,10.2,3.0
20121103,2012,11,03,201211,67065.0,8.4,0.0
20121102,2012,11,02,201211,70266.0,6.4,0.0
20121101,2012,11,01,201211,68793.0,4.1,0.0
20121031,2012,10,31,201210,67910.0,5.7,0.0
20121030,2012,10,30,201210,66709.0,7.0,0.0
20121029,2012,10,29,201210,66707.0,10.6,0.0
20121028,2012,10,28,201210,64697.0,12.8,0.0
20121027,2012,10,27,201210,66361.0,13.0,34.5
20121026,2012,10,26,201210,68640.0,14.6,0.0
20121025,2012,10,25,201210,68204.0,13.6,0.0
20121024,2012,10,24,201210,69151.0,11.6,0.0
20121023,2012,10,23,201210,68349.0,8.3,0.0
20121022,2012,10,22,201210,67074.0,11.9,31.5
20121021,2012,10,21,201210,66967.0,17.3,0.0
20121020,2012,10,20,201210,67401.0,14.8,0.0
20121019,2012,10,19,201210,68304.0,13.9,0.0
20121018,2012,10,18,201210,66903.0,10.3,0.0
20121017,2012,10,17,201210,67174.0,10.9,2.5
20121016,2012,10,16,201210,67066.0,15.1,0.0
20121015,2012,10,15,201210,66468.0,13.7,0.0
20121014,2012,10,14,201210,65570.0,15.2,0.0
20121013,2012,10,13,201210,63758.0,15.6,0.0
20121012,2012,10,12,201210,67130.0,14.1,0.0
20121011,2012,10,11,201210,67032.0,12.5,0.0
20121010,2012,10,10,201210,66316.0,14.2,4.5
20121009,2012,10,09,201210,66972.0,16.3,0.0
20121008,2012,10,08,201210,66529.0,16.8,0.0
20121007,2012,10,07,201210,65990.0,17.5,0.0
20121006,2012,10,06,201210,65306.0,18.3,0.0
20121005,2012,10,05,201210,67403.0,17.8,0.0
20121004,2012,10,04,201210,66919.0,18.1,0.0
20121003,2012,10,03,201210,63062.0,18.7,0.0
20121002,2012,10,02,201210,62826.0,18.2,0.0
20121001,2012,10,01,201210,68348.0,16.8,0.0
20120930,2012,09,30,201209,68556.0,15.3,0.0
20120929,2012,09,29,201209,68404.0,14.9,0.0
20120928,2012,09,28,201209,72886.0,16.8,8.5
20120927,2012,09,27,201209,71552.0,18.7,0.0
20120926,2012,09,26,201209,72410.0,19.7,0.0
20120925,2012,09,25,201209,71943.0,20.3,0.0
20120924,2012,09,24,201209,71787.0,20.6,0.0
20120923,2012,09,23,201209,72877.0,20.2,0.0
20120922,2012,09,22,201209,72408.0,19.6,0.0
20120921,2012,09,21,201209,74498.0,19.0,0.0
20120920,2012,09,20,201209,74582.0,18.7,0.0
20120919,2012,09,19,201209,75065.0,19.0,0.0
20120918,2012,09,18,201209,74227.0,19.5,0.0
20120917,2012,09,17,201209,73895.0,15.8,0.0
20120916,2012,09,16,201209,74634.0,18.2,1.0
20120915,2012,09,15,201209,76303.0,19.3,0.0
20120914,2012,09,14,201209,77768.0,18.2,2.5
20120913,2012,09,13,201209,77646.0,18.9,11.0
20120912,2012,09,12,201209,77114.0,20.2,0.0
20120911,2012,09,11,201209,77054.0,21.2,0.0
20120910,2012,09,10,201209,76532.0,21.3,0.0
20120909,2012,09,09,201209,76663.0,19.6,0.0
20120908,2012,09,08,201209,76753.0,18.6,14.0
20120907,2012,09,07,201209,77329.0,20.5,3.0
20120906,2012,09,06,201209,77408.0,21.0,0.0
20120905,2012,09,05,201209,77917.0,21.3,13.0
20120904,2012,09,04,201209,77257.0,20.3,64.0
20120903,2012,09,03,201209,77111.0,24.0,0.0
20120902,2012,09,02,201209,76153.0,23.3,0.0
20120901,2012,09,01,201209,75717.0,23.9,0.0
20120831,2012,08,31,201208,78223.0,22.8,0.0
20120830,2012,08,30,201208,77862.0,20.2,19.5
20120829,2012,08,29,201208,77459.0,24.4,5.5
20120828,2012,08,28,201208,74527.0,24.4,11.0
20120827,2012,08,27,201208,76474.0,26.7,0.0
20120826,2012,08,26,201208,76491.0,25.9,0.0
20120825,2012,08,25,201208,75261.0,23.9,13.0
20120824,2012,08,24,201208,76974.0,21.6,5.5
20120823,2012,08,23,201208,76985.0,21.2,0.0
20120822,2012,08,22,201208,77145.0,21.0,25.0
20120821,2012,08,21,201208,76855.0,24.4,172.5
20120820,2012,08,20,201208,76651.0,24.2,84.0
20120819,2012,08,19,201208,76612.0,26.7,4.0
20120818,2012,08,18,201208,76976.0,26.0,1.0
20120817,2012,08,17,201208,77897.0,26.3,0.5
20120816,2012,08,16,201208,77836.0,25.0,0.0
20120815,2012,08,15,201208,77711.0,22.5,161.5
20120814,2012,08,14,201208,77574.0,25.0,13.5
20120813,2012,08,13,201208,77637.0,25.1,3.5
20120812,2012,08,12,201208,77839.0,24.1,16.5
20120811,2012,08,11,201208,76149.0,26.4,0.0
20120810,2012,08,10,201208,77039.0,26.1,0.5
20120809,2012,08,09,201208,77093.0,28.1,0.0
20120808,2012,08,08,201208,76698.0,27.6,0.0
20120807,2012,08,07,201208,76904.0,28.8,0.0
20120806,2012,08,06,201208,77082.0,30.1,0.0
20120805,2012,08,05,201208,75498.0,30.8,0.0
20120804,2012,08,04,201208,73708.0,30.4,0.0
20120803,2012,08,03,201208,74686.0,29.8,0.0
20120802,2012,08,02,201208,75004.0,29.3,0.0
20120801,2012,08,01,201208,75173.0,29.2,0.0
20120731,2012,07,31,201207,75927.0,28.0,0.0
20120730,2012,07,30,201207,76478.0,26.9,0.0
20120729,2012,07,29,201207,75769.0,28.1,0.0
20120728,2012,07,28,201207,74416.0,27.8,0.0
20120727,2012,07,27,201207,77563.0,26.9,0.0
20120726,2012,07,26,201207,77179.0,27.1,0.0
20120725,2012,07,25,201207,76906.0,27.0,0.0
20120724,2012,07,24,201207,77324.0,26.5,0.0
20120723,2012,07,23,201207,77246.0,26.4,2.5
20120722,2012,07,22,201207,75206.0,26.2,13.5
20120721,2012,07,21,201207,73351.0,26.5,0.0
20120720,2012,07,20,201207,75402.0,24.8,2.0
20120719,2012,07,19,201207,75113.0,22.7,30.5
20120718,2012,07,18,201207,74931.0,24.9,7.5
20120717,2012,07,17,201207,74690.0,24.0,0.0
20120716,2012,07,16,201207,74560.0,20.9,2.0
20120715,2012,07,15,201207,75134.0,18.4,13.5
20120714,2012,07,14,201207,74192.0,21.1,8.0
20120713,2012,07,13,201207,74574.0,24.6,64.5
20120712,2012,07,12,201207,74438.0,23.4,0.0
20120711,2012,07,11,201207,74840.0,22.0,8.0
20120710,2012,07,10,201207,73993.0,24.4,5.5
20120709,2012,07,09,201207,73081.0,26.0,0.0
20120708,2012,07,08,201207,71963.0,25.1,0.0
20120707,2012,07,07,201207,72062.0,24.5,0.0
20120706,2012,07,06,201207,72385.0,20.0,69.5
20120705,2012,07,05,201207,72318.0,21.7,46.0
20120704,2012,07,04,201207,72449.0,23.7,0.0
20120703,2012,07,03,201207,71681.0,22.3,56.0
20120702,2012,07,02,201207,71481.0,23.1,0.0
20120701,2012,07,01,201207,70096.0,20.9,0.0
20120630,2012,06,30,201206,68268.0,21.0,74.0
20120629,2012,06,29,201206,71823.0,25.0,18.0
20120628,2012,06,28,201206,72179.0,24.0,0.0
20120627,2012,06,27,201206,72026.0,23.0,0.0
20120626,2012,06,26,201206,72099.0,22.2,0.0
20120625,2012,06,25,201206,71940.0,24.6,0.0
20120624,2012,06,24,201206,69137.0,26.3,0.0
20120623,2012,06,23,201206,70998.0,25.2,0.0
20120622,2012,06,22,201206,71963.0,23.1,0.0
20120621,2012,06,21,201206,72375.0,24.6,0.0
20120620,2012,06,20,201206,72235.0,24.3,0.0
20120619,2012,06,19,201206,71275.0,24.7,0.0
20120618,2012,06,18,201206,70254.0,24.4,0.0
20120617,2012,06,17,201206,67228.0,22.5,0.0
20120616,2012,06,16,201206,67250.0,22.7,0.0
20120615,2012,06,15,201206,69375.0,21.6,0.0
20120614,2012,06,14,201206,69561.0,22.9,0.0
20120613,2012,06,13,201206,69132.0,21.5,0.0
20120612,2012,06,12,201206,68713.0,20.5,2.5
20120611,2012,06,11,201206,68520.0,22.4,0.0
20120610,2012,06,10,201206,65838.0,23.4,0.0
20120609,2012,06,09,201206,64763.0,23.0,0.0
20120608,2012,06,08,201206,67317.0,21.3,0.0
20120607,2012,06,07,201206,66781.0,22.5,0.0
20120606,2012,06,06,201206,66085.0,21.9,0.0
20120605,2012,06,05,201206,67117.0,22.0,0.0
20120604,2012,06,04,201206,66931.0,23.2,0.0
20120603,2012,06,03,201206,64378.0,22.8,0.0
20120602,2012,06,02,201206,62226.0,21.9,0.0
20120601,2012,06,01,201206,65095.0,20.0,0.0
20120531,2012,05,31,201205,65160.0,19.6,0.0
20120530,2012,05,30,201205,65883.0,19.2,0.0
20120529,2012,05,29,201205,65095.0,20.9,0.0
20120528,2012,05,28,201205,64073.0,19.9,0.0
20120527,2012,05,27,201205,61403.0,18.3,0.5
20120526,2012,05,26,201205,61720.0,19.5,0.0
20120525,2012,05,25,201205,66444.0,19.9,0.0
20120524,2012,05,24,201205,65855.0,18.9,0.0
20120523,2012,05,23,201205,65529.0,21.4,0.0
20120522,2012,05,22,201205,65600.0,22.9,0.0
20120521,2012,05,21,201205,64425.0,22.0,0.0
20120520,2012,05,20,201205,63140.0,20.7,0.0
20120519,2012,05,19,201205,62762.0,18.9,0.0
20120518,2012,05,18,201205,64337.0,17.3,0.0
20120517,2012,05,17,201205,65656.0,14.9,1.0
20120516,2012,05,16,201205,65950.0,16.0,0.0
20120515,2012,05,15,201205,65684.0,16.2,0.0
20120514,2012,05,14,201205,65847.0,14.8,7.0
20120513,2012,05,13,201205,64424.0,18.5,0.0
20120512,2012,05,12,201205,63333.0,15.9,0.0
20120511,2012,05,11,201205,65776.0,14.6,0.0
20120510,2012,05,10,201205,64651.0,18.8,0.0
20120509,2012,05,09,201205,64450.0,20.1,0.0
20120508,2012,05,08,201205,64388.0,20.7,0.0
20120507,2012,05,07,201205,64703.0,18.2,0.0
20120506,2012,05,06,201205,63838.0,17.6,0.0
20120505,2012,05,05,201205,62753.0,18.1,0.0
20120504,2012,05,04,201205,64206.0,18.9,0.0
20120503,2012,05,03,201205,64136.0,18.4,0.0
20120502,2012,05,02,201205,63419.0,22.1,0.0
20120501,2012,05,01,201205,63986.0,21.2,0.0
20120430,2012,04,30,201204,63614.0,22.0,0.0
20120429,2012,04,29,201204,63015.0,18.9,0.0
20120428,2012,04,28,201204,65313.0,16.6,0.0
20120427,2012,04,27,201204,66367.0,15.0,0.0
20120426,2012,04,26,201204,66414.0,11.0,2.0
20120425,2012,04,25,201204,65664.0,14.1,28.5
20120424,2012,04,24,201204,64662.0,19.6,0.0
20120423,2012,04,23,201204,65692.0,11.7,0.0
20120422,2012,04,22,201204,62827.0,8.4,8.0
20120421,2012,04,21,201204,62424.0,10.1,21.5
20120420,2012,04,20,201204,66515.0,17.1,0.0
20120419,2012,04,19,201204,66638.0,15.9,0.0
20120418,2012,04,18,201204,65974.0,15.1,0.0
20120417,2012,04,17,201204,66163.0,13.1,0.0
20120416,2012,04,16,201204,65870.0,11.2,0.0
20120415,2012,04,15,201204,63956.0,13.2,0.0
20120414,2012,04,14,201204,65061.0,10.1,0.0
20120413,2012,04,13,201204,67398.0,9.2,0.0
20120412,2012,04,12,201204,67787.0,8.0,0.0
20120411,2012,04,11,201204,67406.0,11.1,2.0
20120410,2012,04,10,201204,66938.0,12.3,9.0
20120409,2012,04,09,201204,67012.0,14.8,0.0
20120408,2012,04,08,201204,66356.0,11.1,0.0
20120407,2012,04,07,201204,66934.0,5.3,0.0
20120406,2012,04,06,201204,69404.0,4.0,0.0
20120405,2012,04,05,201204,69374.0,5.9,0.0
20120404,2012,04,04,201204,69319.0,6.2,0.0
20120403,2012,04,03,201204,69474.0,3.6,33.5
20120402,2012,04,02,201204,69866.0,6.9,17.5
20120401,2012,04,01,201204,68340.0,3.4,0.0
20120331,2012,03,31,201203,68874.0,4.7,0.0
20120330,2012,03,30,201203,69940.0,7.8,0.0
20120329,2012,03,29,201203,70777.0,11.0,0.0
20120328,2012,03,28,201203,71122.0,9.0,0.0
20120327,2012,03,27,201203,71373.0,5.3,0.0
20120326,2012,03,26,201203,71863.0,2.7,0.0
20120325,2012,03,25,201203,70747.0,2.3,0.0
20120324,2012,03,24,201203,70539.0,2.2,1.5
20120323,2012,03,23,201203,72152.0,3.5,9.5
20120322,2012,03,22,201203,72030.0,6.6,0.0
20120321,2012,03,21,201203,73008.0,3.7,0.0
20120320,2012,03,20,201203,72901.0,2.1,0.0
20120319,2012,03,19,201203,72879.0,2.1,0.0
20120318,2012,03,18,201203,69438.0,6.1,0.0
20120317,2012,03,17,201203,69509.0,9.2,0.5
20120316,2012,03,16,201203,73753.0,6.6,1.0
20120315,2012,03,15,201203,73696.0,4.7,0.0
20120314,2012,03,14,201203,73918.0,2.2,0.0
20120313,2012,03,13,201203,74651.0,1.0,0.0
20120312,2012,03,12,201203,75420.0,-2.7,0.0
20120311,2012,03,11,201203,72420.0,-3.6,0.0
20120310,2012,03,10,201203,71155.0,3.3,0.0
20120309,2012,03,09,201203,73878.0,2.0,0.0
20120308,2012,03,08,201203,74527.0,1.2,0.0
20120307,2012,03,07,201203,74302.0,2.1,0.0
20120306,2012,03,06,201203,73986.0,1.8,5.0
20120305,2012,03,05,201203,74085.0,3.7,2.5
20120304,2012,03,04,201203,73226.0,4.6,0.0
20120303,2012,03,03,201203,73369.0,5.1,0.0
20120302,2012,03,02,201203,74949.0,5.4,0.0
20120301,2012,03,01,201203,74921.0,7.9,0.0
20120229,2012,02,29,201202,75066.0,4.9,0.0
20120228,2012,02,28,201202,76552.0,1.5,0.0
20120227,2012,02,27,201202,75408.0,-1.3,0.0
20120226,2012,02,26,201202,73833.0,-2.4,0.0
20120225,2012,02,25,201202,76126.0,0.0,0.0
20120224,2012,02,24,201202,77736.0,3.4,0.0
20120223,2012,02,23,201202,77384.0,3.4,0.0
20120222,2012,02,22,201202,77978.0,4.6,0.0
20120221,2012,02,21,201202,77532.0,1.5,0.0
20120220,2012,02,20,201202,77591.0,-1.1,0.0
20120219,2012,02,19,201202,77627.0,-5.3,0.0
20120218,2012,02,18,201202,77710.0,-7.8,0.0
20120217,2012,02,17,201202,77791.0,-7.5,0.0
20120216,2012,02,16,201202,78068.0,-3.7,0.0
20120215,2012,02,15,201202,77973.0,-2.2,0.0
20120214,2012,02,14,201202,77780.0,2.2,0.0
20120213,2012,02,13,201202,77402.0,2.2,0.0
20120212,2012,02,12,201202,77513.0,-1.1,0.0
20120211,2012,02,11,201202,78199.0,-4.8,0.0
20120210,2012,02,10,201202,78845.0,-4.3,0.0
20120209,2012,02,09,201202,78802.0,-5.3,0.0
20120208,2012,02,08,201202,79594.0,-9.0,0.0
20120207,2012,02,07,201202,79034.0,-10.1,0.0
20120206,2012,02,06,201202,78517.0,0.1,0.0
20120205,2012,02,05,201202,77110.0,-1.9,0.0
20120204,2012,02,04,201202,77440.0,-3.5,0.0
20120203,2012,02,03,201202,79449.0,-9.1,0.0
20120202,2012,02,02,201202,79505.0,-14.4,0.0
20120201,2012,02,01,201202,79433.0,-13.8,0.0
20120131,2012,01,31,201201,79358.0,-5.7,5.0
20120130,2012,01,30,201201,79502.0,-6.6,0.0
20120129,2012,01,29,201201,78744.0,-3.4,0.0
20120128,2012,01,28,201201,78278.0,-2.7,0.0
20120127,2012,01,27,201201,79229.0,-1.8,0.0
20120126,2012,01,26,201201,79444.0,-3.8,0.0
20120125,2012,01,25,201201,78691.0,-9.2,0.0
20120124,2012,01,24,201201,77254.0,-8.2,1.0
20120123,2012,01,23,201201,77051.0,-10.6,0.0
20120122,2012,01,22,201201,75962.0,-9.0,0.0
20120121,2012,01,21,201201,77702.0,1.3,0.0
20120120,2012,01,20,201201,78701.0,4.0,0.0
20120119,2012,01,19,201201,78219.0,3.8,0.0
20120118,2012,01,18,201201,78992.0,0.9,0.0
20120117,2012,01,17,201201,78532.0,2.4,0.0
20120116,2012,01,16,201201,78635.0,0.4,0.0
20120115,2012,01,15,201201,78840.0,-3.1,0.0
20120114,2012,01,14,201201,77885.0,-2.3,0.0
20120113,2012,01,13,201201,78157.0,-2.0,0.0
20120112,2012,01,12,201201,78388.0,-5.4,0.0
20120111,2012,01,11,201201,79069.0,-7.3,0.0
20120110,2012,01,10,201201,78816.0,-3.5,0.0
20120109,2012,01,09,201201,78728.0,-1.4,0.0
20120108,2012,01,08,201201,78074.0,-3.2,0.0
20120107,2012,01,07,201201,78611.0,-4.3,0.0
20120106,2012,01,06,201201,78897.0,-3.8,0.0
20120105,2012,01,05,201201,79061.0,-6.3,0.0
20120104,2012,01,04,201201,78969.0,-8.5,0.0
20120103,2012,01,03,201201,78653.0,-5.7,0.0
20120102,2012,01,02,201201,78563.0,-5.8,0.0
20120101,2012,01,01,201201,78281.0,-4.0,0.0
20111231,2011,12,31,201112,79891.0,-2.6,0.0
20111230,2011,12,30,201112,80044.0,-3.6,0.0
20111229,2011,12,29,201112,80094.0,-2.3,0.0
20111228,2011,12,28,201112,79813.0,-1.3,0.5
20111227,2011,12,27,201112,79705.0,-5.2,0.0
20111226,2011,12,26,201112,79440.0,-8.3,0.0
20111225,2011,12,25,201112,77224.0,-8.3,0.0
20111224,2011,12,24,201112,79009.0,-6.3,0.0
20111223,2011,12,23,201112,79663.0,-6.7,0.0
20111222,2011,12,22,201112,79063.0,-6.8,0.0
20111221,2011,12,21,201112,78469.0,0.6,0.0
20111220,2011,12,20,201112,78095.0,-1.4,0.0
20111219,2011,12,19,201112,77097.0,-3.2,0.0
20111218,2011,12,18,201112,76394.0,-3.3,0.0
20111217,2011,12,17,201112,75751.0,-6.6,0.0
20111216,2011,12,16,201112,76723.0,-8.5,0.0
20111215,2011,12,15,201112,75863.0,-5.3,0.0
20111214,2011,12,14,201112,75231.0,1.8,0.0
20111213,2011,12,13,201112,77518.0,0.7,0.0
20111212,2011,12,12,201112,77133.0,2.9,0.0
20111211,2011,12,11,201112,76271.0,1.8,0.0
20111210,2011,12,10,201112,75643.0,-2.5,0.0
20111209,2011,12,09,201112,76942.0,-3.9,0.0
20111208,2011,12,08,201112,76779.0,-1.1,0.0
20111207,2011,12,07,201112,77449.0,3.0,0.0
20111206,2011,12,06,201112,77572.0,3.5,0.0
20111205,2011,12,05,201112,77270.0,0.8,0.0
20111204,2011,12,04,201112,75204.0,1.8,0.0
20111203,2011,12,03,201112,74497.0,4.0,1.5
20111202,2011,12,02,201112,76908.0,4.1,0.5
20111201,2011,12,01,201112,76409.0,4.1,0.0
20111130,2011,11,30,201111,77072.0,3.7,7.0
20111129,2011,11,29,201111,75656.0,10.4,1.5
20111128,2011,11,28,201111,74543.0,14.0,1.5
20111127,2011,11,27,201111,72207.0,12.7,0.0
20111126,2011,11,26,201111,72069.0,4.9,0.0
20111125,2011,11,25,201111,75040.0,2.0,0.0
20111124,2011,11,24,201111,75460.0,-2.5,0.0
20111123,2011,11,23,201111,76153.0,1.6,3.5
20111122,2011,11,22,201111,74856.0,4.2,0.0
20111121,2011,11,21,201111,75221.0,0.8,0.0
20111120,2011,11,20,201111,73469.0,-1.0,0.0
20111119,2011,11,19,201111,72269.0,9.5,0.0
20111118,2011,11,18,201111,75094.0,12.9,5.0
20111117,2011,11,17,201111,75098.0,12.2,0.0
20111116,2011,11,16,201111,75005.0,10.1,0.0
20111115,2011,11,15,201111,75560.0,6.5,0.0
20111114,2011,11,14,201111,75331.0,5.5,0.0
20111113,2011,11,13,201111,74064.0,10.1,0.0
20111112,2011,11,12,201111,73259.0,11.0,0.0
20111111,2011,11,11,201111,74649.0,11.3,1.0
20111110,2011,11,10,201111,73870.0,12.6,0.0
20111109,2011,11,09,201111,72781.0,12.8,0.0
20111108,2011,11,08,201111,72364.0,13.6,0.0
20111107,2011,11,07,201111,72931.0,14.0,0.0
20111106,2011,11,06,201111,70613.0,13.4,2.5
20111105,2011,11,05,201111,68640.0,18.8,0.0
20111104,2011,11,04,201111,70597.0,17.2,0.0
20111103,2011,11,03,201111,72140.0,16.5,0.0
20111102,2011,11,02,201111,72063.0,16.3,0.0
20111101,2011,11,01,201111,71945.0,15.6,0.0
20111031,2011,10,31,201110,71995.0,14.8,0.0
20111030,2011,10,30,201110,67857.0,14.0,0.0
20111029,2011,10,29,201110,68125.0,11.3,4.0
20111028,2011,10,28,201110,70804.0,13.6,0.0
20111027,2011,10,27,201110,70758.0,11.4,0.0
20111026,2011,10,26,201110,71077.0,8.8,0.0
20111025,2011,10,25,201110,71261.0,6.2,0.0
20111024,2011,10,24,201110,71308.0,11.1,2.0
20111023,2011,10,23,201110,69284.0,15.7,0.0
20111022,2011,10,22,201110,70165.0,16.2,0.0
20111021,2011,10,21,201110,71264.0,15.6,0.0
20111020,2011,10,20,201110,71075.0,14.4,0.0
20111019,2011,10,19,201110,71075.0,12.3,0.0
20111018,2011,10,18,201110,71029.0,8.7,0.0
20111017,2011,10,17,201110,70421.0,9.9,0.0
20111016,2011,10,16,201110,67909.0,13.3,0.5
20111015,2011,10,15,201110,69893.0,11.9,26.5
20111014,2011,10,14,201110,69937.0,13.1,5.0
20111013,2011,10,13,201110,69436.0,15.9,0.0
20111012,2011,10,12,201110,69499.0,14.0,0.0
20111011,2011,10,11,201110,69354.0,15.7,0.0
20111010,2011,10,10,201110,70164.0,16.3,0.0
20111009,2011,10,09,201110,67647.0,15.7,0.0
20111008,2011,10,08,201110,67923.0,15.6,0.0
20111007,2011,10,07,201110,69673.0,14.6,0.0
20111006,2011,10,06,201110,70922.0,15.2,0.0
20111005,2011,10,05,201110,71323.0,15.2,0.0
20111004,2011,10,04,201110,70880.0,14.1,0.0
20111003,2011,10,03,201110,69938.0,12.8,0.0
20111002,2011,10,02,201110,68207.0,12.2,0.0
20111001,2011,10,01,201110,69755.0,11.6,0.0
