pos_date,pos_hour,date_hour,shop_nm,sales_amt,prom_yn
20170601,10,2017060110,B,330.0,N
20170602,13,2017060213,A,992.0,N
20170602,22,2017060222,A,1213.0,N
20170602,22,2017060222,B,2095.0,N
20170602,13,2017060213,B,2426.0,N
20170603,16,2017060316,A,3970.0,N
20170603,16,2017060316,B,4742.0,N
20170604,19,2017060419,A,3529.0,N
20170604,19,2017060419,B,2426.0,N
20170605,21,2017060521,B,3970.0,N
20170605,12,2017060512,A,1433.0,N
20170605,21,2017060521,A,2095.0,N
20170605,12,2017060512,B,1764.0,N
20170606,15,2017060615,A,2426.0,N
20170607,18,2017060718,B,2206.0,N
20170607,18,2017060718,A,2316.0,N
20170608,20,2017060820,B,2867.0,N
20170608,11,2017060811,A,882.0,N
20170608,20,2017060820,A,1764.0,N
20170609,14,2017060914,B,2426.0,N
20170609,14,2017060914,A,1654.0,N
20170610,10,2017061010,B,882.0,N
20170611,13,2017061113,B,992.0,N
20170611,13,2017061113,A,2316.0,N
20170611,22,2017061122,A,992.0,N
20170611,22,2017061122,B,1103.0,N
20170612,16,2017061216,A,1433.0,N
20170612,16,2017061216,B,3309.0,N
20170613,19,2017061319,A,2647.0,N
20170613,19,2017061319,B,2206.0,N
20170614,12,2017061412,B,772.0,N
20170614,21,2017061421,B,2095.0,N
20170614,21,2017061421,A,2316.0,N
20170615,15,2017061515,B,2316.0,N
20170615,15,2017061515,A,1213.0,N
20170616,18,2017061618,B,2451.0,N
20170616,18,2017061618,A,2194.0,N
20170617,20,2017061720,A,2166.0,N
20170617,11,2017061711,A,1544.0,N
20170617,20,2017061720,B,1710.0,N
20170617,11,2017061711,B,2757.0,N
20170618,14,2017061814,B,1985.0,N
20170618,14,2017061814,A,2316.0,N
20170619,17,2017061917,B,2867.0,N
20170619,17,2017061917,A,5184.0,N
20170620,22,2017062022,A,2206.0,N
20170620,13,2017062013,A,1103.0,N
20170620,13,2017062013,B,2426.0,N
20170620,22,2017062022,B,1213.0,N
20170621,16,2017062116,A,2978.0,N
20170621,16,2017062116,B,3639.0,N
20170622,19,2017062219,B,1738.0,N
20170622,19,2017062219,A,3529.0,N
20170623,21,2017062321,A,2536.0,N
20170623,12,2017062312,B,1433.0,N
20170623,12,2017062312,A,882.0,N
20170623,21,2017062321,B,2647.0,N
20170624,15,2017062415,B,1654.0,N
20170624,15,2017062415,A,1985.0,N
20170625,18,2017062518,A,3198.0,Y
20170625,18,2017062518,B,3750.0,Y
20170626,20,2017062620,B,1875.0,Y
20170626,20,2017062620,A,2757.0,Y
20170627,14,2017062714,A,2316.0,Y
20170627,14,2017062714,B,1544.0,Y
20170628,17,2017062817,A,2867.0,Y
20170628,17,2017062817,B,2316.0,Y
20170629,10,2017062910,B,330.0,Y
20170630,16,2017063016,A,3750.0,Y
20170630,16,2017063016,B,2426.0,Y
20170606,15,2017060615,B,1875.0,N
20170610,10,2017061010,A,441.0,N
20170614,12,2017061412,A,441.0,N
20170626,11,2017062611,A,110.0,Y
20170626,11,2017062611,B,772.0,Y
20170608,11,2017060811,B,551.0,N
20170629,10,2017062910,A,220.0,Y
20170601,10,2017060110,A,110.0,N
20170601,20,2017060120,B,1985.0,N
20170601,20,2017060120,A,2757.0,N
20170601,11,2017060111,A,0.0,N
20170602,14,2017060214,B,1654.0,N
20170602,14,2017060214,A,3309.0,N
20170603,17,2017060317,A,4853.0,N
20170603,17,2017060317,B,3750.0,N
20170604,10,2017060410,A,330.0,N
20170605,22,2017060522,B,1433.0,N
20170605,13,2017060513,B,1654.0,N
20170605,13,2017060513,A,3529.0,N
20170605,22,2017060522,A,1213.0,N
20170606,16,2017060616,B,2206.0,N
20170606,16,2017060616,A,2095.0,N
20170607,19,2017060719,A,1875.0,N
20170607,19,2017060719,B,1213.0,N
20170608,21,2017060821,A,2867.0,N
20170608,12,2017060812,B,1433.0,N
20170608,12,2017060812,A,661.0,N
20170608,21,2017060821,B,1323.0,N
20170609,15,2017060915,A,1323.0,N
20170609,15,2017060915,B,2647.0,N
20170610,11,2017061011,A,772.0,N
20170610,20,2017061020,B,2095.0,N
20170610,20,2017061020,A,2757.0,N
20170610,11,2017061011,B,1323.0,N
20170611,14,2017061114,B,1433.0,N
20170611,14,2017061114,A,2536.0,N
20170612,17,2017061217,B,1985.0,N
20170612,17,2017061217,A,1764.0,N
20170614,22,2017061422,B,992.0,N
20170614,13,2017061413,A,772.0,N
20170614,13,2017061413,B,1213.0,N
20170614,22,2017061422,A,1985.0,N
20170615,16,2017061516,A,1985.0,N
20170615,16,2017061516,B,1323.0,N
20170616,19,2017061619,A,2223.0,N
20170616,19,2017061619,B,3249.0,N
20170617,21,2017061721,B,1539.0,N
20170617,12,2017061712,A,4632.0,N
20170617,12,2017061712,B,1482.0,N
20170617,21,2017061721,A,2508.0,N
20170618,15,2017061815,B,2978.0,N
20170618,15,2017061815,A,1764.0,N
20170619,18,2017061918,A,3970.0,N
20170619,18,2017061918,B,3309.0,N
20170620,14,2017062014,B,1985.0,N
20170620,14,2017062014,A,2647.0,N
20170621,17,2017062117,A,3529.0,N
20170621,17,2017062117,B,4963.0,N
20170623,13,2017062313,A,882.0,N
20170623,22,2017062322,B,2206.0,N
20170623,22,2017062322,A,2316.0,N
20170623,13,2017062313,B,1654.0,N
20170624,16,2017062416,B,2647.0,N
20170624,16,2017062416,A,1433.0,N
20170625,19,2017062519,B,2206.0,Y
20170625,19,2017062519,A,4963.0,Y
20170626,12,2017062612,A,1213.0,Y
20170626,12,2017062612,B,992.0,Y
20170626,21,2017062621,A,3309.0,Y
20170626,21,2017062621,B,1103.0,Y
20170627,15,2017062715,B,2095.0,Y
20170627,15,2017062715,A,1764.0,Y
20170628,18,2017062818,B,2867.0,Y
20170628,18,2017062818,A,4412.0,Y
20170629,20,2017062920,B,2426.0,Y
20170629,11,2017062911,B,330.0,Y
20170629,20,2017062920,A,3970.0,Y
20170629,11,2017062911,A,772.0,Y
20170630,17,2017063017,A,3419.0,Y
20170630,17,2017063017,B,3088.0,Y
20170601,11,2017060111,B,330.0,N
20170604,10,2017060410,B,441.0,N
20170613,10,2017061310,B,551.0,N
20170622,10,2017062210,B,551.0,N
20170622,10,2017062210,A,441.0,N
20170613,10,2017061310,A,220.0,N
20170601,21,2017060121,B,2095.0,N
20170601,21,2017060121,A,1654.0,N
20170601,12,2017060112,A,661.0,N
20170601,12,2017060112,B,661.0,N
20170602,15,2017060215,B,3309.0,N
20170602,15,2017060215,A,2206.0,N
20170603,18,2017060318,A,3088.0,N
20170603,18,2017060318,B,3970.0,N
20170604,20,2017060420,B,3419.0,N
20170604,20,2017060420,A,1875.0,N
20170604,11,2017060411,A,992.0,N
20170605,14,2017060514,B,1433.0,N
20170605,14,2017060514,A,2316.0,N
20170606,17,2017060617,A,2536.0,N
20170606,17,2017060617,B,1875.0,N
20170608,22,2017060822,B,1433.0,N
20170608,22,2017060822,A,2867.0,N
20170608,13,2017060813,A,1213.0,N
20170609,16,2017060916,B,2206.0,N
20170609,16,2017060916,A,2316.0,N
20170610,21,2017061021,B,3088.0,N
20170610,21,2017061021,A,3750.0,N
20170610,12,2017061012,B,1544.0,N
20170610,12,2017061012,A,1544.0,N
20170611,15,2017061115,B,1654.0,N
20170611,15,2017061115,A,2206.0,N
20170612,18,2017061218,B,1764.0,N
20170612,18,2017061218,A,2757.0,N
20170613,20,2017061320,B,1764.0,N
20170613,20,2017061320,A,2095.0,N
20170613,11,2017061311,B,992.0,N
20170614,14,2017061414,B,992.0,N
20170615,17,2017061517,B,1985.0,N
20170615,17,2017061517,A,3088.0,N
20170616,10,2017061610,B,992.0,N
20170617,22,2017061722,A,2679.0,N
20170617,22,2017061722,B,4853.0,N
20170617,13,2017061713,B,5294.0,N
20170617,13,2017061713,A,2052.0,N
20170618,16,2017061816,B,3198.0,N
20170618,16,2017061816,A,2647.0,N
20170619,19,2017061919,B,3088.0,N
20170619,19,2017061919,A,2426.0,N
20170620,15,2017062015,B,3639.0,N
20170620,15,2017062015,A,4963.0,N
20170621,18,2017062118,B,4081.0,N
20170621,18,2017062118,A,3529.0,N
20170622,20,2017062220,B,2978.0,N
20170622,11,2017062211,A,330.0,N
20170622,20,2017062220,A,4191.0,N
20170622,11,2017062211,B,882.0,N
20170623,14,2017062314,A,1103.0,N
20170623,14,2017062314,B,1875.0,N
20170624,17,2017062417,B,3860.0,N
20170624,17,2017062417,A,3198.0,N
20170626,13,2017062613,B,2426.0,Y
20170626,22,2017062622,A,1433.0,Y
20170626,22,2017062622,B,882.0,Y
20170626,13,2017062613,A,1213.0,Y
20170627,16,2017062716,A,2978.0,Y
20170627,16,2017062716,B,2095.0,Y
20170628,19,2017062819,A,3529.0,Y
20170628,19,2017062819,B,2757.0,Y
20170629,21,2017062921,A,3860.0,Y
20170629,21,2017062921,B,1654.0,Y
20170629,12,2017062912,B,1213.0,Y
20170630,18,2017063018,B,2757.0,Y
20170630,18,2017063018,A,4853.0,Y
20170614,14,2017061414,A,772.0,N
20170616,10,2017061610,A,661.0,N
20170625,10,2017062510,A,330.0,Y
20170629,12,2017062912,A,1433.0,Y
20170604,11,2017060411,B,441.0,N
20170608,13,2017060813,B,661.0,N
20170613,11,2017061311,A,110.0,N
20170625,10,2017062510,B,330.0,Y
20170607,10,2017060710,A,220.0,N
20170607,10,2017060710,B,110.0,N
20170601,22,2017060122,B,882.0,N
20170601,13,2017060113,A,882.0,N
20170601,22,2017060122,A,772.0,N
20170602,16,2017060216,A,3750.0,N
20170602,16,2017060216,B,2095.0,N
20170603,19,2017060319,B,2978.0,N
20170603,19,2017060319,A,2978.0,N
20170604,21,2017060421,A,2095.0,N
20170604,12,2017060412,A,1103.0,N
20170604,21,2017060421,B,1544.0,N
20170604,12,2017060412,B,1213.0,N
20170605,15,2017060515,A,1544.0,N
20170605,15,2017060515,B,2978.0,N
20170606,18,2017060618,B,2206.0,N
20170606,18,2017060618,A,1433.0,N
20170607,20,2017060720,A,2426.0,N
20170607,20,2017060720,B,1323.0,N
20170608,14,2017060814,A,1764.0,N
20170608,14,2017060814,B,992.0,N
20170609,17,2017060917,B,2647.0,N
20170609,17,2017060917,A,3088.0,N
20170610,22,2017061022,A,1985.0,N
20170610,22,2017061022,B,1213.0,N
20170610,13,2017061013,B,2757.0,N
20170610,13,2017061013,A,1875.0,N
20170611,16,2017061116,A,1875.0,N
20170611,16,2017061116,B,2206.0,N
20170612,19,2017061219,A,2867.0,N
20170612,19,2017061219,B,2426.0,N
20170613,21,2017061321,B,2095.0,N
20170613,21,2017061321,A,1985.0,N
20170614,15,2017061415,B,1654.0,N
20170614,15,2017061415,A,1323.0,N
20170615,18,2017061518,B,2536.0,N
20170615,18,2017061518,A,3088.0,N
20170616,20,2017061620,A,2251.0,N
20170616,20,2017061620,B,2137.0,N
20170616,11,2017061611,B,1985.0,N
20170616,11,2017061611,A,1764.0,N
20170617,14,2017061714,A,4742.0,N
20170617,14,2017061714,B,1852.0,N
20170618,17,2017061817,B,2536.0,N
20170618,17,2017061817,A,3529.0,N
20170620,16,2017062016,A,2095.0,N
20170620,16,2017062016,B,3750.0,N
20170621,19,2017062119,A,3198.0,N
20170621,19,2017062119,B,3309.0,N
20170622,21,2017062221,A,3639.0,N
20170622,21,2017062221,B,2867.0,N
20170622,12,2017062212,A,1433.0,N
20170622,12,2017062212,B,1213.0,N
20170623,15,2017062315,B,1875.0,N
20170623,15,2017062315,A,2095.0,N
20170624,18,2017062418,B,1767.0,N
20170624,18,2017062418,A,4853.0,N
20170625,20,2017062520,B,3088.0,Y
20170625,20,2017062520,A,1425.0,Y
20170625,11,2017062511,A,441.0,Y
20170626,14,2017062614,A,1654.0,Y
20170627,17,2017062717,A,2757.0,Y
20170627,17,2017062717,B,1764.0,Y
20170628,10,2017062810,A,661.0,Y
20170629,13,2017062913,A,1323.0,Y
20170629,13,2017062913,B,1875.0,Y
20170629,22,2017062922,A,1544.0,Y
20170630,19,2017063019,A,3198.0,Y
20170630,19,2017063019,B,2536.0,Y
20170601,13,2017060113,B,1103.0,N
20170607,11,2017060711,A,220.0,N
20170613,12,2017061312,B,772.0,N
20170617,23,2017061723,A,220.0,N
20170619,10,2017061910,A,441.0,N
20170619,10,2017061910,B,220.0,N
20170626,14,2017062614,B,1654.0,Y
20170628,10,2017062810,B,441.0,Y
20170607,11,2017060711,B,330.0,N
20170625,11,2017062511,B,772.0,Y
20170629,22,2017062922,B,1433.0,Y
20170613,12,2017061312,A,220.0,N
20170617,23,2017061723,B,551.0,N
20170601,14,2017060114,B,1323.0,N
20170601,23,2017060123,A,220.0,N
20170602,17,2017060217,B,3419.0,N
20170602,17,2017060217,A,5184.0,N
20170603,10,2017060310,A,661.0,N
20170603,10,2017060310,B,882.0,N
20170604,13,2017060413,B,1433.0,N
20170604,13,2017060413,A,2095.0,N
20170604,22,2017060422,B,2206.0,N
20170604,22,2017060422,A,772.0,N
20170605,16,2017060516,A,1985.0,N
20170605,16,2017060516,B,2647.0,N
20170606,19,2017060619,A,2536.0,N
20170606,19,2017060619,B,1544.0,N
20170607,12,2017060712,B,551.0,N
20170607,21,2017060721,A,1323.0,N
20170607,21,2017060721,B,1323.0,N
20170607,12,2017060712,A,772.0,N
20170608,15,2017060815,B,1323.0,N
20170608,15,2017060815,A,330.0,N
20170609,18,2017060918,A,3750.0,N
20170609,18,2017060918,B,4081.0,N
20170610,14,2017061014,A,2536.0,N
20170610,14,2017061014,B,2536.0,N
20170611,17,2017061117,B,1433.0,N
20170611,17,2017061117,A,2095.0,N
20170613,22,2017061322,B,1875.0,N
20170613,22,2017061322,A,1654.0,N
20170613,13,2017061313,A,1103.0,N
20170613,13,2017061313,B,1433.0,N
20170614,16,2017061416,A,882.0,N
20170614,16,2017061416,B,1654.0,N
20170615,19,2017061519,B,2647.0,N
20170615,19,2017061519,A,2095.0,N
20170616,12,2017061612,B,1482.0,N
20170616,21,2017061621,A,2280.0,N
20170616,21,2017061621,B,2479.0,N
20170616,12,2017061612,A,4081.0,N
20170617,15,2017061715,A,1966.0,N
20170617,15,2017061715,B,1995.0,N
20170618,18,2017061818,A,4081.0,N
20170618,18,2017061818,B,3529.0,N
20170619,20,2017061920,A,1567.0,N
20170619,20,2017061920,B,2206.0,N
20170620,17,2017062017,B,4522.0,N
20170620,17,2017062017,A,4853.0,N
20170621,10,2017062110,A,220.0,N
20170622,13,2017062213,A,2757.0,N
20170622,13,2017062213,B,2647.0,N
20170622,22,2017062222,A,2316.0,N
20170623,16,2017062316,A,3750.0,N
20170623,16,2017062316,B,2095.0,N
20170624,19,2017062419,A,4412.0,N
20170624,19,2017062419,B,2052.0,N
20170625,12,2017062512,A,2095.0,Y
20170625,21,2017062521,B,2206.0,Y
20170625,12,2017062512,B,772.0,Y
20170625,21,2017062521,A,4522.0,Y
20170626,15,2017062615,A,3309.0,Y
20170626,15,2017062615,B,2757.0,Y
20170627,18,2017062718,A,3529.0,Y
20170627,18,2017062718,B,2426.0,Y
20170628,20,2017062820,A,3309.0,Y
20170628,20,2017062820,B,2095.0,Y
20170629,14,2017062914,A,2536.0,Y
20170629,14,2017062914,B,1544.0,Y
20170630,10,2017063010,A,220.0,Y
20170601,14,2017060114,A,441.0,N
20170612,10,2017061210,B,220.0,N
20170612,10,2017061210,A,772.0,N
20170619,11,2017061911,B,661.0,N
20170622,22,2017062222,B,992.0,N
20170628,11,2017062811,B,551.0,Y
20170629,23,2017062923,A,220.0,Y
20170630,10,2017063010,B,661.0,Y
20170619,11,2017061911,A,330.0,N
20170621,10,2017062110,B,551.0,N
20170628,11,2017062811,A,441.0,Y
20170601,15,2017060115,B,1544.0,N
20170601,15,2017060115,A,1544.0,N
20170602,18,2017060218,B,3419.0,N
20170602,18,2017060218,A,3639.0,N
20170603,20,2017060320,A,5073.0,N
20170603,20,2017060320,B,2316.0,N
20170603,11,2017060311,B,1103.0,N
20170603,11,2017060311,A,330.0,N
20170604,14,2017060414,A,2426.0,N
20170604,14,2017060414,B,2536.0,N
20170605,17,2017060517,B,2095.0,N
20170605,17,2017060517,A,2647.0,N
20170606,10,2017060610,A,551.0,N
20170607,13,2017060713,A,1544.0,N
20170607,13,2017060713,B,1323.0,N
20170607,22,2017060722,B,1433.0,N
20170607,22,2017060722,A,992.0,N
20170608,16,2017060816,A,1875.0,N
20170608,16,2017060816,B,2095.0,N
20170609,19,2017060919,A,3529.0,N
20170609,19,2017060919,B,3088.0,N
20170610,15,2017061015,A,3860.0,N
20170610,15,2017061015,B,2426.0,N
20170611,18,2017061118,A,3419.0,N
20170611,18,2017061118,B,2095.0,N
20170612,20,2017061220,B,1654.0,N
20170612,20,2017061220,A,3419.0,N
20170612,11,2017061211,A,220.0,N
20170613,14,2017061314,A,661.0,N
20170614,17,2017061417,A,1323.0,N
20170614,17,2017061417,B,2647.0,N
20170615,10,2017061510,A,882.0,N
20170616,22,2017061622,A,1738.0,N
20170616,22,2017061622,B,1738.0,N
20170616,13,2017061613,A,4301.0,N
20170616,13,2017061613,B,4853.0,N
20170617,16,2017061716,A,2166.0,N
20170617,16,2017061716,B,2023.0,N
20170618,19,2017061819,A,1985.0,N
20170618,19,2017061819,B,2867.0,N
20170619,21,2017061921,A,3309.0,N
20170619,12,2017061912,A,772.0,N
20170619,21,2017061921,B,1875.0,N
20170619,12,2017061912,B,1433.0,N
20170620,18,2017062018,A,4301.0,N
20170620,18,2017062018,B,2647.0,N
20170621,11,2017062111,A,0.0,N
20170621,20,2017062120,A,1510.0,N
20170621,20,2017062120,B,2867.0,N
20170621,11,2017062111,B,882.0,N
20170622,23,2017062223,A,1323.0,N
20170622,14,2017062214,A,1764.0,N
20170622,14,2017062214,B,2206.0,N
20170623,17,2017062317,A,3860.0,N
20170623,17,2017062317,B,2867.0,N
20170625,13,2017062513,B,772.0,Y
20170625,22,2017062522,A,1764.0,Y
20170625,13,2017062513,A,2206.0,Y
20170625,22,2017062522,B,1544.0,Y
20170626,16,2017062616,A,2316.0,Y
20170626,16,2017062616,B,1654.0,Y
20170627,19,2017062719,B,2426.0,Y
20170627,19,2017062719,A,2206.0,Y
20170628,21,2017062821,B,1654.0,Y
20170628,12,2017062812,B,1764.0,Y
20170628,21,2017062821,A,3198.0,Y
20170628,12,2017062812,A,1433.0,Y
20170629,15,2017062915,A,1875.0,Y
20170629,15,2017062915,B,1323.0,Y
20170630,20,2017063020,A,2867.0,Y
20170630,20,2017063020,B,2316.0,Y
20170630,11,2017063011,A,551.0,Y
20170606,10,2017060610,B,110.0,N
20170612,11,2017061211,B,441.0,N
20170613,14,2017061314,B,1213.0,N
20170615,10,2017061510,B,330.0,N
20170624,10,2017062410,B,661.0,N
20170624,10,2017062410,A,441.0,N
20170630,11,2017063011,B,330.0,Y
20170601,16,2017060116,B,2095.0,N
20170601,16,2017060116,A,1213.0,N
20170602,19,2017060219,A,4191.0,N
20170602,19,2017060219,B,3970.0,N
20170603,12,2017060312,B,1764.0,N
20170603,21,2017060321,A,3309.0,N
20170603,12,2017060312,A,772.0,N
20170603,21,2017060321,B,3309.0,N
20170604,15,2017060415,B,2647.0,N
20170604,15,2017060415,A,2536.0,N
20170605,18,2017060518,B,3198.0,N
20170605,18,2017060518,A,3970.0,N
20170606,20,2017060620,A,1323.0,N
20170606,11,2017060611,A,441.0,N
20170607,14,2017060714,B,661.0,N
20170607,14,2017060714,A,1433.0,N
20170608,17,2017060817,A,2647.0,N
20170608,17,2017060817,B,1985.0,N
20170609,10,2017060910,B,441.0,N
20170610,16,2017061016,B,4081.0,N
20170610,16,2017061016,A,2316.0,N
20170611,19,2017061119,A,3309.0,N
20170611,19,2017061119,B,2095.0,N
20170612,21,2017061221,B,1764.0,N
20170612,12,2017061212,B,1213.0,N
20170612,21,2017061221,A,1875.0,N
20170612,12,2017061212,A,882.0,N
20170613,15,2017061315,B,2426.0,N
20170613,15,2017061315,A,1213.0,N
20170614,18,2017061418,A,2316.0,N
20170614,18,2017061418,B,2867.0,N
20170615,20,2017061520,A,2316.0,N
20170615,20,2017061520,B,2206.0,N
20170616,14,2017061614,B,4963.0,N
20170616,14,2017061614,A,3419.0,N
20170617,17,2017061717,B,2251.0,N
20170617,17,2017061717,A,2052.0,N
20170619,22,2017061922,B,1213.0,N
20170619,22,2017061922,A,1323.0,N
20170619,13,2017061913,A,1544.0,N
20170619,13,2017061913,B,1875.0,N
20170620,19,2017062019,A,2647.0,N
20170620,19,2017062019,B,1875.0,N
20170621,21,2017062121,A,4963.0,N
20170621,21,2017062121,B,2316.0,N
20170621,12,2017062112,A,661.0,N
20170621,12,2017062112,B,1323.0,N
20170622,15,2017062215,A,3419.0,N
20170622,15,2017062215,B,2426.0,N
20170623,18,2017062318,B,2867.0,N
20170623,18,2017062318,A,2095.0,N
20170624,11,2017062411,A,441.0,N
20170624,20,2017062420,B,2023.0,N
20170624,20,2017062420,A,4522.0,N
20170625,14,2017062514,B,1654.0,Y
20170625,14,2017062514,A,1985.0,Y
20170626,17,2017062617,B,1544.0,Y
20170627,10,2017062710,B,441.0,Y
20170628,22,2017062822,B,1875.0,Y
20170628,13,2017062813,B,1323.0,Y
20170628,13,2017062813,A,2206.0,Y
20170628,22,2017062822,A,1433.0,Y
20170629,16,2017062916,B,2757.0,Y
20170629,16,2017062916,A,2426.0,Y
20170630,21,2017063021,A,3970.0,Y
20170630,12,2017063012,A,1654.0,Y
20170630,21,2017063021,B,2536.0,Y
20170630,12,2017063012,B,661.0,Y
20170606,11,2017060611,B,772.0,N
20170606,20,2017060620,B,1103.0,N
20170615,11,2017061511,B,441.0,N
20170615,11,2017061511,A,220.0,N
20170626,17,2017062617,A,992.0,Y
20170627,10,2017062710,A,330.0,Y
20170616,23,2017061623,A,110.0,N
20170618,10,2017061810,A,551.0,N
20170624,11,2017062411,B,551.0,N
20170609,10,2017060910,A,220.0,N
20170618,10,2017061810,B,220.0,N
20170601,17,2017060117,A,2316.0,N
20170601,17,2017060117,B,1764.0,N
20170602,10,2017060210,A,661.0,N
20170603,13,2017060313,B,1985.0,N
20170603,13,2017060313,A,2316.0,N
20170603,22,2017060322,B,1544.0,N
20170603,22,2017060322,A,2536.0,N
20170604,16,2017060416,A,2206.0,N
20170604,16,2017060416,B,1985.0,N
20170605,19,2017060519,B,3970.0,N
20170605,19,2017060519,A,2757.0,N
20170606,12,2017060612,B,1544.0,N
20170606,21,2017060621,B,882.0,N
20170606,21,2017060621,A,992.0,N
20170606,12,2017060612,A,1213.0,N
20170607,15,2017060715,B,1103.0,N
20170607,15,2017060715,A,2206.0,N
20170608,18,2017060818,B,2206.0,N
20170608,18,2017060818,A,2536.0,N
20170609,20,2017060920,A,2536.0,N
20170609,11,2017060911,A,661.0,N
20170609,20,2017060920,B,2978.0,N
20170610,17,2017061017,B,3860.0,N
20170610,17,2017061017,A,3529.0,N
20170611,10,2017061110,B,220.0,N
20170612,22,2017061222,B,1985.0,N
20170612,22,2017061222,A,1323.0,N
20170612,13,2017061213,B,772.0,N
20170612,13,2017061213,A,882.0,N
20170613,16,2017061316,B,1544.0,N
20170613,16,2017061316,A,2867.0,N
20170614,19,2017061419,B,1654.0,N
20170614,19,2017061419,A,2206.0,N
20170615,21,2017061521,A,1875.0,N
20170615,21,2017061521,B,1764.0,N
20170615,12,2017061512,B,882.0,N
20170616,15,2017061615,A,2052.0,N
20170616,15,2017061615,B,1596.0,N
20170617,18,2017061718,B,1795.0,N
20170617,18,2017061718,A,2451.0,N
20170618,20,2017061820,B,1875.0,N
20170618,11,2017061811,A,220.0,N
20170618,11,2017061811,B,551.0,N
20170618,20,2017061820,A,2757.0,N
20170619,14,2017061914,A,2316.0,N
20170619,14,2017061914,B,2206.0,N
20170620,10,2017062010,A,551.0,N
20170621,22,2017062122,A,3088.0,N
20170621,13,2017062113,B,3198.0,N
20170621,22,2017062122,B,2316.0,N
20170621,13,2017062113,A,2316.0,N
20170622,16,2017062216,B,2647.0,N
20170622,16,2017062216,A,3198.0,N
20170623,19,2017062319,B,3198.0,N
20170623,19,2017062319,A,2095.0,N
20170624,12,2017062412,A,772.0,N
20170624,12,2017062412,B,992.0,N
20170624,21,2017062421,A,2536.0,N
20170624,21,2017062421,B,2206.0,N
20170625,15,2017062515,A,2536.0,Y
20170625,15,2017062515,B,1985.0,Y
20170626,18,2017062618,A,1433.0,Y
20170626,18,2017062618,B,2206.0,Y
20170627,20,2017062720,B,2647.0,Y
20170627,20,2017062720,A,2536.0,Y
20170628,14,2017062814,A,2757.0,Y
20170628,14,2017062814,B,2316.0,Y
20170629,17,2017062917,B,2316.0,Y
20170629,17,2017062917,A,5073.0,Y
20170630,22,2017063022,B,2206.0,Y
20170630,22,2017063022,A,4522.0,Y
20170630,13,2017063013,B,1985.0,Y
20170602,10,2017060210,B,551.0,N
20170615,12,2017061512,A,0.0,N
20170627,11,2017062711,B,330.0,Y
20170627,11,2017062711,A,330.0,Y
20170630,13,2017063013,A,1213.0,Y
20170611,10,2017061110,A,330.0,N
20170620,10,2017062010,B,110.0,N
20170609,11,2017060911,B,220.0,N
20170601,18,2017060118,B,2647.0,N
20170601,18,2017060118,A,2536.0,N
20170602,20,2017060220,B,2757.0,N
20170602,20,2017060220,A,2647.0,N
20170602,11,2017060211,A,330.0,N
20170602,11,2017060211,B,1213.0,N
20170603,14,2017060314,A,3088.0,N
20170603,14,2017060314,B,1213.0,N
20170604,17,2017060417,A,3309.0,N
20170604,17,2017060417,B,2316.0,N
20170606,13,2017060613,A,2095.0,N
20170606,22,2017060622,A,1213.0,N
20170606,13,2017060613,B,1323.0,N
20170607,16,2017060716,A,3088.0,N
20170607,16,2017060716,B,1323.0,N
20170608,19,2017060819,A,2206.0,N
20170608,19,2017060819,B,2206.0,N
20170609,21,2017060921,A,2426.0,N
20170609,12,2017060912,A,772.0,N
20170609,21,2017060921,B,3309.0,N
20170609,12,2017060912,B,1323.0,N
20170610,18,2017061018,A,2206.0,N
20170610,18,2017061018,B,3309.0,N
20170611,20,2017061120,B,2316.0,N
20170611,11,2017061111,A,992.0,N
20170611,20,2017061120,A,1985.0,N
20170611,11,2017061111,B,772.0,N
20170612,14,2017061214,B,1433.0,N
20170612,14,2017061214,A,1544.0,N
20170613,17,2017061317,B,1544.0,N
20170613,17,2017061317,A,3198.0,N
20170614,10,2017061410,B,441.0,N
20170615,22,2017061522,B,1323.0,N
20170615,13,2017061513,A,882.0,N
20170615,13,2017061513,B,1654.0,N
20170615,22,2017061522,A,1764.0,N
20170616,16,2017061616,A,1767.0,N
20170616,16,2017061616,B,5294.0,N
20170617,19,2017061719,B,1966.0,N
20170617,19,2017061719,A,2736.0,N
20170618,21,2017061821,B,1985.0,N
20170618,12,2017061812,B,1875.0,N
20170618,12,2017061812,A,551.0,N
20170618,21,2017061821,A,2647.0,N
20170619,15,2017061915,A,2316.0,N
20170620,20,2017062020,A,4301.0,N
20170620,11,2017062011,B,551.0,N
20170620,11,2017062011,A,441.0,N
20170620,20,2017062020,B,2316.0,N
20170621,14,2017062114,A,1985.0,N
20170621,14,2017062114,B,2867.0,N
20170622,17,2017062217,A,3860.0,N
20170622,17,2017062217,B,2095.0,N
20170624,13,2017062413,B,2536.0,N
20170624,13,2017062413,A,1544.0,N
20170624,22,2017062422,A,1654.0,N
20170625,16,2017062516,A,2316.0,Y
20170626,19,2017062619,A,3088.0,Y
20170626,19,2017062619,B,1875.0,Y
20170627,12,2017062712,B,772.0,Y
20170627,21,2017062721,B,1985.0,Y
20170627,21,2017062721,A,2757.0,Y
20170627,12,2017062712,A,1433.0,Y
20170628,15,2017062815,A,2757.0,Y
20170628,15,2017062815,B,2206.0,Y
20170629,18,2017062918,A,3529.0,Y
20170629,18,2017062918,B,3419.0,Y
20170630,14,2017063014,A,2426.0,Y
20170630,23,2017063023,A,772.0,Y
20170630,14,2017063014,B,2316.0,Y
20170605,10,2017060510,A,330.0,N
20170619,15,2017061915,B,1323.0,N
20170621,23,2017062123,B,220.0,N
20170623,10,2017062310,A,110.0,N
20170624,22,2017062422,B,772.0,N
20170625,16,2017062516,B,1764.0,Y
20170605,10,2017060510,B,441.0,N
20170606,22,2017060622,B,661.0,N
20170612,23,2017061223,B,330.0,N
20170623,10,2017062310,B,441.0,N
20170614,10,2017061410,A,220.0,N
20170612,23,2017061223,A,330.0,N
20170601,19,2017060119,B,2426.0,N
20170601,19,2017060119,A,1654.0,N
20170602,21,2017060221,B,2536.0,N
20170602,21,2017060221,A,2647.0,N
20170602,12,2017060212,B,1764.0,N
20170602,12,2017060212,A,2316.0,N
20170603,15,2017060315,A,2647.0,N
20170603,15,2017060315,B,2426.0,N
20170604,18,2017060418,A,3419.0,N
20170604,18,2017060418,B,1654.0,N
20170605,11,2017060511,B,661.0,N
20170605,20,2017060520,A,992.0,N
20170605,20,2017060520,B,2206.0,N
20170606,14,2017060614,A,2536.0,N
20170606,14,2017060614,B,1544.0,N
20170607,17,2017060717,A,2757.0,N
20170607,17,2017060717,B,1323.0,N
20170608,10,2017060810,A,330.0,N
20170609,22,2017060922,A,2757.0,N
20170609,22,2017060922,B,2757.0,N
20170609,13,2017060913,B,1654.0,N
20170609,13,2017060913,A,1213.0,N
20170610,19,2017061019,B,2426.0,N
20170610,19,2017061019,A,3750.0,N
20170611,21,2017061121,A,2316.0,N
20170611,12,2017061112,B,1213.0,N
20170611,21,2017061121,B,2095.0,N
20170612,15,2017061215,B,2426.0,N
20170613,18,2017061318,B,2978.0,N
20170613,18,2017061318,A,2647.0,N
20170614,20,2017061420,A,2206.0,N
20170614,20,2017061420,B,1544.0,N
20170615,14,2017061514,B,772.0,N
20170615,14,2017061514,A,661.0,N
20170616,17,2017061617,B,1767.0,N
20170616,17,2017061617,A,2337.0,N
20170617,10,2017061710,A,1764.0,N
20170617,10,2017061710,B,1323.0,N
20170618,22,2017061822,A,1103.0,N
20170618,13,2017061813,B,2426.0,N
20170618,22,2017061822,B,1544.0,N
20170618,13,2017061813,A,2426.0,N
20170619,16,2017061916,B,2536.0,N
20170619,16,2017061916,A,3088.0,N
20170620,21,2017062021,B,3198.0,N
20170620,21,2017062021,A,2095.0,N
20170620,12,2017062012,A,661.0,N
20170621,15,2017062115,B,2316.0,N
20170621,15,2017062115,A,2647.0,N
20170622,18,2017062218,B,3419.0,N
20170622,18,2017062218,A,4963.0,N
20170623,20,2017062320,B,2536.0,N
20170623,20,2017062320,A,1654.0,N
20170623,11,2017062311,B,661.0,N
20170623,11,2017062311,A,772.0,N
20170624,14,2017062414,A,1433.0,N
20170624,14,2017062414,B,1764.0,N
20170625,17,2017062517,B,1875.0,Y
20170625,17,2017062517,A,3198.0,Y
20170626,10,2017062610,B,551.0,Y
20170627,22,2017062722,A,2206.0,Y
20170627,22,2017062722,B,1875.0,Y
20170627,13,2017062713,A,2757.0,Y
20170627,13,2017062713,B,1985.0,Y
20170628,16,2017062816,A,3639.0,Y
20170628,16,2017062816,B,2647.0,Y
20170629,19,2017062919,A,4191.0,Y
20170629,19,2017062919,B,2095.0,Y
20170630,15,2017063015,B,2426.0,Y
20170630,15,2017063015,A,2867.0,Y
20170605,11,2017060511,A,110.0,N
20170611,12,2017061112,A,1323.0,N
20170612,15,2017061215,A,1103.0,N
20170614,11,2017061411,B,330.0,N
20170614,11,2017061411,A,110.0,N
20170620,12,2017062012,B,661.0,N
20170608,10,2017060810,B,551.0,N
