date,tot_trans_cnt,week_day,month
20140101,87017.0,3,01
20140102,94969.0,4,01
20140103,103019.0,5,01
20140104,100538.0,6,01
20140105,91050.0,7,01
20140106,94930.0,1,01
20140107,98973.0,2,01
20140108,94637.0,3,01
20140109,95056.0,4,01
20140110,104499.0,5,01
20140111,104711.0,6,01
20140112,90726.0,7,01
20140113,96626.0,1,01
20140114,96816.0,2,01
20140115,98591.0,3,01
20140116,101533.0,4,01
20140117,107113.0,5,01
20140118,104645.0,6,01
20140119,94187.0,7,01
20140120,87066.0,1,01
20140121,92015.0,2,01
20140122,96705.0,3,01
20140123,100514.0,4,01
20140124,108041.0,5,01
20140125,96074.0,6,01
20140126,84777.0,7,01
20140127,98645.0,1,01
20140128,103802.0,2,01
20140129,95601.0,3,01
20140130,78089.0,4,01
20140131,114174.0,5,01
20140201,120536.0,6,02
20140202,108348.0,7,02
20140203,96232.0,1,02
20140204,94680.0,2,02
20140205,95211.0,3,02
20140206,97273.0,4,02
20140207,107123.0,5,02
20140208,96881.0,6,02
20140209,82786.0,7,02
20140210,93035.0,1,02
20140211,95045.0,2,02
20140212,98744.0,3,02
20140213,101233.0,4,02
20140214,107548.0,5,02
20140215,103594.0,6,02
20140216,97016.0,7,02
20140217,99219.0,1,02
20140218,100713.0,2,02
20140219,101104.0,3,02
20140220,104294.0,4,02
20140221,110960.0,5,02
20140222,109255.0,6,02
20140223,99212.0,7,02
20140224,104668.0,1,02
20140225,104556.0,2,02
20140226,104953.0,3,02
20140227,107833.0,4,02
20140228,116690.0,5,02
20140301,108580.0,6,03
20140302,105126.0,7,03
20140303,99611.0,1,03
20140304,99972.0,2,03
20140305,99200.0,3,03
20140306,102679.0,4,03
20140307,109851.0,5,03
20140308,107263.0,6,03
20140309,91902.0,7,03
20140310,99691.0,1,03
20140311,101106.0,2,03
20140312,98552.0,3,03
20140313,104021.0,4,03
20140314,112096.0,5,03
20140315,109640.0,6,03
20140316,99682.0,7,03
20140317,99437.0,1,03
20140318,102028.0,2,03
20140319,103833.0,3,03
20140320,102951.0,4,03
20140321,112343.0,5,03
20140322,110006.0,6,03
20140323,99867.0,7,03
20140324,103267.0,1,03
20140325,104406.0,2,03
20140326,105278.0,3,03
20140327,109360.0,4,03
20140328,115555.0,5,03
20140329,108568.0,6,03
20140330,104127.0,7,03
20140331,105325.0,1,03
20140401,104028.0,2,04
20140402,105648.0,3,04
20140403,104719.0,4,04
20140404,114942.0,5,04
20140405,114111.0,6,04
20140406,111625.0,7,04
20140407,107900.0,1,04
20140408,106590.0,2,04
20140409,106633.0,3,04
20140410,108466.0,4,04
20140411,114779.0,5,04
20140412,114221.0,6,04
20140413,106343.0,7,04
20140414,106045.0,1,04
20140415,106763.0,2,04
20140416,107221.0,3,04
20140417,105574.0,4,04
20140418,112370.0,5,04
20140419,113254.0,6,04
20140420,103521.0,7,04
20140421,105037.0,1,04
20140422,105176.0,2,04
20140423,105440.0,3,04
20140424,107082.0,4,04
20140425,115496.0,5,04
20140426,115589.0,6,04
20140427,94956.0,7,04
20140428,96311.0,1,04
20140429,104778.0,2,04
20140430,112556.0,3,04
20140501,99943.0,4,05
20140502,111655.0,5,05
20140503,108604.0,6,05
20140504,107652.0,7,05
20140505,114941.0,1,05
20140506,124855.0,2,05
20140507,103922.0,3,05
20140508,104321.0,4,05
20140509,113411.0,5,05
20140510,111676.0,6,05
20140511,97300.0,7,05
20140512,102467.0,1,05
20140513,103273.0,2,05
20140514,105240.0,3,05
20140515,107460.0,4,05
20140516,116223.0,5,05
20140517,113343.0,6,05
20140518,106166.0,7,05
20140519,102053.0,1,05
20140520,102930.0,2,05
20140521,105055.0,3,05
20140522,107017.0,4,05
20140523,115682.0,5,05
20140524,111880.0,6,05
20140525,99738.0,7,05
20140526,102503.0,1,05
20140527,104514.0,2,05
20140528,106622.0,3,05
20140529,106761.0,4,05
20140530,111670.0,5,05
20140531,111476.0,6,05
20140601,102877.0,7,06
20140602,101423.0,1,06
20140603,99695.0,2,06
20140604,90887.0,3,06
20140605,117100.0,4,06
20140606,107424.0,5,06
20140607,117764.0,6,06
20140608,112611.0,7,06
20140609,106693.0,1,06
20140610,103892.0,2,06
20140611,105070.0,3,06
20140612,107178.0,4,06
20140613,116005.0,5,06
20140614,113483.0,6,06
20140615,103221.0,7,06
20140616,105165.0,1,06
20140617,106255.0,2,06
20140618,106705.0,3,06
20140619,110733.0,4,06
20140620,116754.0,5,06
20140621,112596.0,6,06
20140622,102362.0,7,06
20140623,99875.0,1,06
20140624,105160.0,2,06
20140625,104564.0,3,06
20140626,108608.0,4,06
20140627,116123.0,5,06
20140628,113137.0,6,06
20140629,103584.0,7,06
20140630,106051.0,1,06
20140701,100994.0,2,07
20140702,101983.0,3,07
20140703,99859.0,4,07
20140704,111962.0,5,07
20140705,111143.0,6,07
20140706,102499.0,7,07
20140707,101991.0,1,07
20140708,101907.0,2,07
20140709,101746.0,3,07
20140710,106739.0,4,07
20140711,114595.0,5,07
20140712,112135.0,6,07
20140713,104995.0,7,07
20140714,104242.0,1,07
20140715,105535.0,2,07
20140716,107779.0,3,07
20140717,106860.0,4,07
20140718,110684.0,5,07
20140719,110603.0,6,07
20140720,104699.0,7,07
20140721,105587.0,1,07
20140722,105413.0,2,07
20140723,97866.0,3,07
20140724,101740.0,4,07
20140725,109845.0,5,07
20140726,108469.0,6,07
20140727,102527.0,7,07
20140728,112757.0,1,07
20140729,112553.0,2,07
20140730,112736.0,3,07
20140731,111118.0,4,07
20140801,118263.0,5,08
20140802,113295.0,6,08
20140803,100938.0,7,08
20140804,108425.0,1,08
20140805,112917.0,2,08
20140806,109282.0,3,08
20140807,110286.0,4,08
20140808,115867.0,5,08
20140809,114534.0,6,08
20140810,97723.0,7,08
20140811,106735.0,1,08
20140812,112147.0,2,08
20140813,109588.0,3,08
20140814,115793.0,4,08
20140815,106984.0,5,08
20140816,118019.0,6,08
20140817,109368.0,7,08
20140818,104638.0,1,08
20140819,103813.0,2,08
20140820,105211.0,3,08
20140821,95376.0,4,08
20140822,116392.0,5,08
20140823,118597.0,6,08
20140824,117073.0,7,08
20140825,106994.0,1,08
20140826,107145.0,2,08
20140827,109048.0,3,08
20140828,112955.0,4,08
20140829,115997.0,5,08
20140830,119487.0,6,08
20140831,115486.0,7,08
20140901,108076.0,1,09
20140902,106341.0,2,09
20140903,96795.0,3,09
20140904,107333.0,4,09
20140905,107931.0,5,09
20140906,87356.0,6,09
20140907,81391.0,7,09
20140908,117778.0,1,09
20140909,138233.0,2,09
20140910,121817.0,3,09
20140911,104056.0,4,09
20140912,110988.0,5,09
20140913,110300.0,6,09
20140914,98095.0,7,09
20140915,105075.0,1,09
20140916,107686.0,2,09
20140917,108568.0,3,09
20140918,108908.0,4,09
20140919,115578.0,5,09
20140920,115980.0,6,09
20140921,105937.0,7,09
20140922,104520.0,1,09
20140923,108297.0,2,09
20140924,98325.0,3,09
20140925,109081.0,4,09
20140926,116353.0,5,09
20140927,118634.0,6,09
20140928,107413.0,7,09
20140929,101706.0,1,09
20140930,108202.0,2,09
20141001,108893.0,3,10
20141002,114589.0,4,10
20141003,111556.0,5,10
20141004,114603.0,6,10
20141005,110397.0,7,10
20141006,106322.0,1,10
20141007,106129.0,2,10
20141008,112140.0,3,10
20141009,100502.0,4,10
20141010,113795.0,5,10
20141011,118353.0,6,10
20141012,111224.0,7,10
20141013,107467.0,1,10
20141014,105370.0,2,10
20141015,106065.0,3,10
20141016,108213.0,4,10
20141017,118151.0,5,10
20141018,119151.0,6,10
20141019,111505.0,7,10
20141020,98008.0,1,10
20141021,93370.0,2,10
20141022,104504.0,3,10
20141023,110669.0,4,10
20141024,119525.0,5,10
20141025,116473.0,6,10
20141026,107496.0,7,10
20141027,108477.0,1,10
20141028,108611.0,2,10
20141029,108117.0,3,10
20141030,110284.0,4,10
20141031,113920.0,5,10
20141101,115475.0,6,11
20141102,102586.0,7,11
20141103,105489.0,1,11
20141104,105677.0,2,11
20141105,106313.0,3,11
20141106,109360.0,4,11
20141107,115657.0,5,11
20141108,108062.0,6,11
20141109,106860.0,7,11
20141110,106322.0,1,11
20141111,106080.0,2,11
20141112,104671.0,3,11
20141113,104450.0,4,11
20141114,114719.0,5,11
20141115,115772.0,6,11
20141116,110346.0,7,11
20141117,104198.0,1,11
20141118,103427.0,2,11
20141119,104466.0,3,11
20141120,106920.0,4,11
20141121,113028.0,5,11
20141122,113619.0,6,11
20141123,114735.0,7,11
20141124,106442.0,1,11
20141125,102493.0,2,11
20141126,104529.0,3,11
20141127,108139.0,4,11
20141128,103726.0,5,11
20141129,114102.0,6,11
20141130,105780.0,7,11
20141201,97337.0,1,12
20141202,94351.0,2,12
20141203,92557.0,3,12
20141204,94261.0,4,12
20141205,103709.0,5,12
20141206,104099.0,6,12
20141207,96411.0,7,12
20141208,95149.0,1,12
20141209,97127.0,2,12
20141210,99391.0,3,12
20141211,100359.0,4,12
20141212,107306.0,5,12
20141213,100134.0,6,12
20141214,92264.0,7,12
20141215,94578.0,1,12
20141216,91589.0,2,12
20141217,94842.0,3,12
20141218,96990.0,4,12
20141219,109401.0,5,12
20141220,100232.0,6,12
20141221,91290.0,7,12
20141222,92510.0,1,12
20141223,100902.0,2,12
20141224,102148.0,3,12
20141225,76630.0,4,12
20141226,97472.0,5,12
20141227,104157.0,6,12
20141228,95628.0,7,12
20141229,104493.0,1,12
20141230,104269.0,2,12
20141231,103150.0,3,12
20150101,84246.0,4,01
20150102,97918.0,5,01
20150103,98576.0,6,01
20150104,93404.0,7,01
20150105,97520.0,1,01
20150106,97020.0,2,01
20150107,96638.0,3,01
20150108,98518.0,4,01
20150109,108501.0,5,01
20150110,105780.0,6,01
20150111,94820.0,7,01
20150112,98161.0,1,01
20150113,100744.0,2,01
20150114,101507.0,3,01
20150115,102865.0,4,01
20150116,107325.0,5,01
20150117,105684.0,6,01
20150118,94521.0,7,01
20150119,97114.0,1,01
20150120,100558.0,2,01
20150121,100563.0,3,01
20150122,101904.0,4,01
20150123,111791.0,5,01
20150124,107536.0,6,01
20150125,94332.0,7,01
20150126,98798.0,1,01
20150127,99995.0,2,01
20150128,100744.0,3,01
20150129,101919.0,4,01
20150130,110113.0,5,01
20150131,104552.0,6,01
20150201,94949.0,7,02
20150202,99744.0,1,02
20150203,100793.0,2,02
20150204,102443.0,3,02
20150205,104114.0,4,02
20150206,109919.0,5,02
20150207,108861.0,6,02
20150208,90423.0,7,02
20150209,94529.0,1,02
20150210,100937.0,2,02
20150211,103791.0,3,02
20150212,106466.0,4,02
20150213,108501.0,5,02
20150214,106096.0,6,02
20150215,89339.0,7,02
20150216,97068.0,1,02
20150217,99763.0,2,02
20150218,85011.0,3,02
20150219,112924.0,4,02
20150220,122744.0,5,02
20150221,119136.0,6,02
20150222,96708.0,7,02
20150223,105548.0,1,02
20150224,106800.0,2,02
20150225,109549.0,3,02
20150226,107911.0,4,02
20150227,114327.0,5,02
20150228,113264.0,6,02
20150301,98359.0,7,03
20150302,101081.0,1,03
20150303,96694.0,2,03
20150304,100421.0,3,03
20150305,102291.0,4,03
20150306,111517.0,5,03
20150307,107249.0,6,03
20150308,97032.0,7,03
20150309,102228.0,1,03
20150310,101175.0,2,03
20150311,103172.0,3,03
20150312,105384.0,4,03
20150313,112527.0,5,03
20150314,111681.0,6,03
20150315,100851.0,7,03
20150316,103312.0,1,03
20150317,105077.0,2,03
20150318,98469.0,3,03
20150319,107441.0,4,03
20150320,116389.0,5,03
20150321,111266.0,6,03
20150322,102720.0,7,03
20150323,103725.0,1,03
20150324,106305.0,2,03
20150325,106258.0,3,03
20150326,105850.0,4,03
20150327,116237.0,5,03
20150328,111994.0,6,03
20150329,106242.0,7,03
20150330,105701.0,1,03
20150331,103797.0,2,03
20150401,103011.0,3,04
20150402,104071.0,4,04
20150403,115148.0,5,04
20150404,110511.0,6,04
20150405,105817.0,7,04
20150406,109008.0,1,04
20150407,107368.0,2,04
20150408,108490.0,3,04
20150409,108659.0,4,04
20150410,117295.0,5,04
20150411,115599.0,6,04
20150412,109708.0,7,04
20150413,105008.0,1,04
20150414,97471.0,2,04
20150415,108025.0,3,04
20150416,105185.0,4,04
20150417,116253.0,5,04
20150418,114278.0,6,04
20150419,94051.0,7,04
20150420,102762.0,1,04
20150421,108059.0,2,04
20150422,109426.0,3,04
20150423,108974.0,4,04
20150424,116812.0,5,04
20150425,112513.0,6,04
20150426,110336.0,7,04
20150427,108049.0,1,04
20150428,106725.0,2,04
20150429,104047.0,3,04
20150430,115774.0,4,04
20150501,109830.0,5,05
20150502,114942.0,6,05
20150503,106351.0,7,05
20150504,121189.0,1,05
20150505,106131.0,2,05
20150506,106729.0,3,05
20150507,106620.0,4,05
20150508,114880.0,5,05
20150509,112954.0,6,05
20150510,109742.0,7,05
20150511,104928.0,1,05
20150512,101625.0,2,05
20150513,108147.0,3,05
20150514,106779.0,4,05
20150515,115142.0,5,05
20150516,114539.0,6,05
20150517,106266.0,7,05
20150518,107723.0,1,05
20150519,105707.0,2,05
20150520,107467.0,3,05
20150521,108636.0,4,05
20150522,116201.0,5,05
20150523,113711.0,6,05
20150524,108376.0,7,05
20150525,118814.0,1,05
20150526,109153.0,2,05
20150527,108068.0,3,05
20150528,108312.0,4,05
20150529,117127.0,5,05
20150530,108912.0,6,05
20150531,101321.0,7,05
20150601,101091.0,1,06
20150602,103418.0,2,06
20150603,101643.0,3,06
20150604,104777.0,4,06
20150605,110654.0,5,06
20150606,103219.0,6,06
20150607,94994.0,7,06
20150608,100545.0,1,06
20150609,101169.0,2,06
20150610,102352.0,3,06
20150611,103083.0,4,06
20150612,112568.0,5,06
20150613,104337.0,6,06
20150614,95411.0,7,06
20150615,102329.0,1,06
20150616,101493.0,2,06
20150617,102934.0,3,06
20150618,104753.0,4,06
20150619,112581.0,5,06
20150620,98381.0,6,06
20150621,98615.0,7,06
20150622,97581.0,1,06
20150623,101940.0,2,06
20150624,103774.0,3,06
20150625,104837.0,4,06
20150626,105948.0,5,06
20150627,107550.0,6,06
20150628,102157.0,7,06
20150629,104867.0,1,06
20150630,99670.0,2,06
20150701,101790.0,3,07
20150702,103589.0,4,07
20150703,113937.0,5,07
20150704,110770.0,6,07
20150705,105518.0,7,07
20150706,103305.0,1,07
20150707,103891.0,2,07
20150708,101688.0,3,07
20150709,103896.0,4,07
20150710,113467.0,5,07
20150711,112908.0,6,07
20150712,91754.0,7,07
20150713,92495.0,1,07
20150714,102798.0,2,07
20150715,104728.0,3,07
20150716,107771.0,4,07
20150717,115013.0,5,07
20150718,110190.0,6,07
20150719,106424.0,7,07
20150720,105348.0,1,07
20150721,103330.0,2,07
20150722,102322.0,3,07
20150723,104044.0,4,07
20150724,101527.0,5,07
20150725,103121.0,6,07
20150726,104181.0,7,07
20150727,107921.0,1,07
20150728,109125.0,2,07
20150729,102862.0,3,07
20150730,111851.0,4,07
20150731,118207.0,5,07
20150801,117120.0,6,08
20150802,108514.0,7,08
20150803,122161.0,1,08
20150804,117907.0,2,08
20150805,111970.0,3,08
20150806,107990.0,4,08
20150807,112879.0,5,08
20150808,111243.0,6,08
20150809,105046.0,7,08
20150810,112782.0,1,08
20150811,111580.0,2,08
20150812,111835.0,3,08
20150813,112429.0,4,08
20150814,120545.0,5,08
20150815,114852.0,6,08
20150816,106589.0,7,08
20150817,113078.0,1,08
20150818,108690.0,2,08
20150819,107205.0,3,08
20150820,110314.0,4,08
20150821,112574.0,5,08
20150822,113062.0,6,08
20150823,104778.0,7,08
20150824,106353.0,1,08
20150825,96454.0,2,08
20150826,108668.0,3,08
20150827,112013.0,4,08
20150828,117939.0,5,08
20150829,115440.0,6,08
20150830,111512.0,7,08
20150831,109999.0,1,08
20150901,104309.0,2,09
20150902,104523.0,3,09
20150903,106569.0,4,09
20150904,116314.0,5,09
20150905,114558.0,6,09
20150906,112998.0,7,09
20150907,108166.0,1,09
20150908,108809.0,2,09
20150909,107132.0,3,09
20150910,110259.0,4,09
20150911,114788.0,5,09
20150912,120275.0,6,09
20150913,115384.0,7,09
20150914,112905.0,1,09
20150915,107281.0,2,09
20150916,110349.0,3,09
20150917,109925.0,4,09
20150918,118496.0,5,09
20150919,117450.0,6,09
20150920,106998.0,7,09
20150921,110193.0,1,09
20150922,111431.0,2,09
20150923,111528.0,3,09
20150924,112405.0,4,09
20150925,110559.0,5,09
20150926,91394.0,6,09
20150927,116661.0,7,09
20150928,132955.0,1,09
20150929,129303.0,2,09
20150930,107962.0,3,09
20151001,95928.0,4,10
20151002,115878.0,5,10
20151003,113106.0,6,10
20151004,104287.0,7,10
20151005,108313.0,1,10
20151006,108805.0,2,10
20151007,108516.0,3,10
20151008,119062.0,4,10
20151009,111764.0,5,10
20151010,113189.0,6,10
20151011,107981.0,7,10
20151012,109605.0,1,10
20151013,109304.0,2,10
20151014,110991.0,3,10
20151015,112961.0,4,10
20151016,117389.0,5,10
20151017,119415.0,6,10
20151018,111679.0,7,10
20151019,111031.0,1,10
20151020,110285.0,2,10
20151021,109687.0,3,10
20151022,112857.0,4,10
20151023,118637.0,5,10
20151024,116497.0,6,10
20151027,104211.0,2,10
20151028,109935.0,3,10
20151029,110214.0,4,10
20151030,114896.0,5,10
20151031,115063.0,6,10
20151101,112615.0,7,11
20151102,109063.0,1,11
20151103,107997.0,2,11
20151104,106882.0,3,11
20151105,109375.0,4,11
20151106,116035.0,5,11
20151107,103859.0,6,11
20151108,96779.0,7,11
20151109,104785.0,1,11
20151110,107989.0,2,11
20151111,108670.0,3,11
20151112,108444.0,4,11
20151113,109001.0,5,11
20151114,114384.0,6,11
20151116,107174.0,1,11
20151117,105100.0,2,11
20151118,102087.0,3,11
20151119,107155.0,4,11
20151120,110417.0,5,11
20151121,117805.0,6,11
20151122,114536.0,7,11
20151123,107598.0,1,11
20151124,106973.0,2,11
20151125,100648.0,3,11
20151126,102347.0,4,11
20151127,109340.0,5,11
20151128,110717.0,6,11
20151129,105550.0,7,11
20151130,105198.0,1,11
20151201,104732.0,2,12
20151202,98410.0,3,12
20151203,89061.0,4,12
20151204,103768.0,5,12
20151205,108395.0,6,12
20151206,103099.0,7,12
20151207,105283.0,1,12
20151208,104981.0,2,12
20151209,107870.0,3,12
20151210,105059.0,4,12
20151211,112805.0,5,12
20151212,107581.0,6,12
20151213,103701.0,7,12
20151214,101609.0,1,12
20151215,105631.0,2,12
20151216,102393.0,3,12
20151217,102054.0,4,12
20151218,111829.0,5,12
20151219,106838.0,6,12
20151220,98779.0,7,12
20151221,101349.0,1,12
20151222,102264.0,2,12
20151223,104280.0,3,12
20151224,108367.0,4,12
20151225,93600.0,5,12
20151226,101766.0,6,12
20151227,96844.0,7,12
20151228,100986.0,1,12
20151229,104267.0,2,12
20151230,102855.0,3,12
20151231,109413.0,4,12
20160101,96107.0,5,01
20160102,104873.0,6,01
20160103,100329.0,7,01
20160104,100523.0,1,01
20160105,100787.0,2,01
20160106,101145.0,3,01
20160107,102581.0,4,01
20160108,107708.0,5,01
20160109,104840.0,6,01
20160110,94627.0,7,01
20160111,100672.0,1,01
20160112,100334.0,2,01
20160113,101340.0,3,01
20160114,100575.0,4,01
20160115,110698.0,5,01
20160116,105920.0,6,01
20160117,98865.0,7,01
20160118,97167.0,1,01
20160119,94228.0,2,01
20160120,96183.0,3,01
20160121,102526.0,4,01
20160122,108820.0,5,01
20160123,97659.0,6,01
20160124,82131.0,7,01
20160125,93958.0,1,01
20160126,97011.0,2,01
20160127,102983.0,3,01
20160128,106210.0,4,01
20160129,113440.0,5,01
20160130,105719.0,6,01
20160131,94701.0,7,01
20160201,100232.0,1,02
20160202,101879.0,2,02
20160203,103930.0,3,02
20160204,105209.0,4,02
20160205,104891.0,5,02
20160206,84566.0,6,02
20160207,81948.0,7,02
20160209,129093.0,2,02
20160210,118943.0,3,02
20160211,102675.0,4,02
20160212,99836.0,5,02
20160213,96409.0,6,02
20160214,87818.0,7,02
20160215,100349.0,1,02
20160216,100009.0,2,02
20160217,102751.0,3,02
20160218,103403.0,4,02
20160219,115573.0,5,02
20160220,108343.0,6,02
20160221,98580.0,7,02
20160222,106602.0,1,02
20160223,103371.0,2,02
20160224,103728.0,3,02
20160225,106786.0,4,02
20160226,114922.0,5,02
20160227,111582.0,6,02
20160228,98798.0,7,02
20160229,111663.0,1,02
20160301,98911.0,2,03
20160302,100794.0,3,03
20160303,105149.0,4,03
20160304,114488.0,5,03
20160305,95419.0,6,03
20160306,96318.0,7,03
20160307,104395.0,1,03
20160308,106082.0,2,03
20160309,105150.0,3,03
20160310,106061.0,4,03
20160311,113986.0,5,03
20160312,112241.0,6,03
20160313,100357.0,7,03
20160314,106417.0,1,03
20160315,106103.0,2,03
20160316,108424.0,3,03
20160317,111370.0,4,03
20160318,116170.0,5,03
20160319,115746.0,6,03
20160320,107336.0,7,03
20160321,110012.0,1,03
20160322,109674.0,2,03
20160323,106230.0,3,03
20160324,109611.0,4,03
20160325,119156.0,5,03
20160326,113712.0,6,03
20160327,109716.0,7,03
20160328,110555.0,1,03
20160329,110500.0,2,03
20160330,109346.0,3,03
20160331,112400.0,4,03
20160401,118017.0,5,04
20160402,119363.0,6,04
20160403,111918.0,7,04
20160404,106584.0,1,04
20160405,110034.0,2,04
20160406,113697.0,3,04
20160407,111328.0,4,04
20160408,121195.0,5,04
20160409,121235.0,6,04
20160410,114707.0,7,04
20160411,111307.0,1,04
20160412,116749.0,2,04
20160413,100626.0,3,04
20160414,108514.0,4,04
20160415,118579.0,5,04
20160416,114095.0,6,04
20160417,106357.0,7,04
20160418,108601.0,1,04
20160419,111152.0,2,04
20160420,113489.0,3,04
20160421,109332.0,4,04
20160422,120702.0,5,04
20160423,119033.0,6,04
20160424,113661.0,7,04
20160425,114515.0,1,04
20160426,110975.0,2,04
20160427,114115.0,3,04
20160428,113299.0,4,04
20160429,121940.0,5,04
20160430,117660.0,6,04
20160501,113090.0,7,05
20160502,111489.0,1,05
20160503,98430.0,2,05
20160504,116934.0,3,05
20160505,108607.0,4,05
20160506,113115.0,5,05
20160507,122063.0,6,05
20160508,124738.0,7,05
20160509,119008.0,1,05
20160510,104423.0,2,05
20160511,114417.0,3,05
20160512,113253.0,4,05
20160513,120406.0,5,05
20160514,115478.0,6,05
20160515,105003.0,7,05
20160516,112100.0,1,05
20160517,113785.0,2,05
20160518,111659.0,3,05
20160519,114117.0,4,05
20160520,120692.0,5,05
20160521,119754.0,6,05
20160522,110494.0,7,05
20160523,113159.0,1,05
20160524,104994.0,2,05
20160525,111932.0,3,05
20160526,114489.0,4,05
20160527,121240.0,5,05
20160528,117915.0,6,05
20160529,110730.0,7,05
20160530,111820.0,1,05
20160531,110781.0,2,05
20160601,110980.0,3,06
20160602,112929.0,4,06
20160603,120216.0,5,06
20160604,111963.0,6,06
20160605,108792.0,7,06
20160606,124527.0,1,06
20160607,110099.0,2,06
20160608,111700.0,3,06
20160609,113168.0,4,06
20160610,118528.0,5,06
20160611,117820.0,6,06
20160612,107978.0,7,06
20160613,111355.0,1,06
20160614,106550.0,2,06
20160615,103059.0,3,06
20160616,111937.0,4,06
20160617,121597.0,5,06
20160618,119572.0,6,06
20160619,113190.0,7,06
20160620,112387.0,1,06
20160621,111977.0,2,06
20160622,106799.0,3,06
20160623,113198.0,4,06
20160624,114051.0,5,06
20160625,115289.0,6,06
20160626,110379.0,7,06
20160627,112608.0,1,06
20160628,110181.0,2,06
20160629,111707.0,3,06
20160630,110539.0,4,06
20160701,106505.0,5,07
20160702,110694.0,6,07
20160703,105454.0,7,07
20160704,95390.0,1,07
20160705,83225.0,2,07
20160706,101649.0,3,07
20160707,108746.0,4,07
20160708,117351.0,5,07
20160709,117326.0,6,07
20160710,110768.0,7,07
20160711,111095.0,1,07
20160712,105140.0,2,07
20160713,109511.0,3,07
20160714,113427.0,4,07
20160715,119464.0,5,07
20160716,102266.0,6,07
20160717,106264.0,7,07
20160718,109700.0,1,07
20160719,110359.0,2,07
20160720,110727.0,3,07
20160721,111492.0,4,07
20160722,120124.0,5,07
20160723,115349.0,6,07
20160724,107899.0,7,07
20160725,113515.0,1,07
20160726,103728.0,2,07
20160727,111435.0,3,07
20160728,106358.0,4,07
20160729,114559.0,5,07
20160730,109356.0,6,07
20160731,108913.0,7,07
20160801,119971.0,1,08
20160802,110830.0,2,08
20160803,113813.0,3,08
20160804,111736.0,4,08
20160805,114476.0,5,08
20160806,114558.0,6,08
20160807,104962.0,7,08
20160808,110416.0,1,08
20160809,107698.0,2,08
20160810,110355.0,3,08
20160811,111009.0,4,08
20160812,118360.0,5,08
20160813,113368.0,6,08
20160814,109018.0,7,08
20160815,118528.0,1,08
20160816,114034.0,2,08
20160817,108578.0,3,08
20160818,110883.0,4,08
20160819,116946.0,5,08
20160820,114721.0,6,08
20160821,106942.0,7,08
20160822,109169.0,1,08
20160823,106582.0,2,08
20160824,110185.0,3,08
20160825,110815.0,4,08
20160826,113822.0,5,08
20160827,117469.0,6,08
20160828,115128.0,7,08
20160829,115829.0,1,08
20160830,112145.0,2,08
20160831,103295.0,3,08
20160901,111054.0,4,09
20160902,119417.0,5,09
20160903,120584.0,6,09
20160904,116775.0,7,09
20160905,112876.0,1,09
20160906,112239.0,2,09
20160907,113262.0,3,09
20160908,113233.0,4,09
20160909,117255.0,5,09
20160910,114556.0,6,09
20160911,100694.0,7,09
20160912,111289.0,1,09
20160913,110432.0,2,09
20160914,92741.0,3,09
20160915,114979.0,4,09
20160916,128810.0,5,09
20160917,126318.0,6,09
20160918,100619.0,7,09
20160919,108827.0,1,09
20160921,113266.0,3,09
20160922,112794.0,4,09
20160924,118786.0,6,09
20160925,107480.0,7,09
20160926,112608.0,1,09
20160927,104512.0,2,09
20160928,108795.0,3,09
20160929,111120.0,4,09
20160930,119776.0,5,09
20161001,120170.0,6,10
20161002,98496.0,7,10
20161003,108666.0,1,10
20161004,108897.0,2,10
20161005,106635.0,3,10
20161006,110721.0,4,10
20161007,118799.0,5,10
20161008,117643.0,6,10
20161009,109723.0,7,10
20161010,110250.0,1,10
20161011,111454.0,2,10
20161012,112684.0,3,10
20161013,112803.0,4,10
20161014,119589.0,5,10
20161015,121696.0,6,10
20161016,110220.0,7,10
20161017,110878.0,1,10
20161018,112491.0,2,10
20161019,112206.0,3,10
20161020,111292.0,4,10
20161021,120755.0,5,10
20161022,117169.0,6,10
20161023,108358.0,7,10
20161024,112330.0,1,10
20161025,104126.0,2,10
20161027,114545.0,4,10
20161028,120157.0,5,10
20161029,119039.0,6,10
20161030,111300.0,7,10
20161031,112422.0,1,10
20161101,107897.0,2,11
20161102,108130.0,3,11
20161103,111906.0,4,11
20161104,119862.0,5,11
20161105,121071.0,6,11
20161106,115984.0,7,11
20161107,113644.0,1,11
20161108,105003.0,2,11
20161109,107116.0,3,11
20161110,108803.0,4,11
20161111,117249.0,5,11
20161112,118493.0,6,11
20161113,112029.0,7,11
20161114,107049.0,1,11
20161115,104862.0,2,11
20161116,109711.0,3,11
20161117,109394.0,4,11
20161118,117770.0,5,11
20161119,117364.0,6,11
20161120,112179.0,7,11
20161121,108722.0,1,11
20161122,107683.0,2,11
20161123,105445.0,3,11
20161124,106803.0,4,11
20161125,106528.0,5,11
20161126,105875.0,6,11
20161127,103906.0,7,11
20161128,104508.0,1,11
20161129,104743.0,2,11
20161130,105774.0,3,11
20161201,104926.0,4,12
20161202,112257.0,5,12
20161203,111196.0,6,12
20161204,105099.0,7,12
20161205,104706.0,1,12
20161206,101366.0,2,12
20161207,102648.0,3,12
20161208,103432.0,4,12
20161209,111615.0,5,12
20161210,108135.0,6,12
20161211,97430.0,7,12
20161212,101344.0,1,12
20161213,104115.0,2,12
20161214,103028.0,3,12
20161215,102952.0,4,12
20161216,108804.0,5,12
20161217,109316.0,6,12
20161218,101005.0,7,12
20161219,102554.0,1,12
20161220,103179.0,2,12
20161221,99826.0,3,12
20161222,96949.0,4,12
20161223,105344.0,5,12
20161224,101027.0,6,12
20161225,91609.0,7,12
20161226,99420.0,1,12
20161227,100518.0,2,12
20161228,100575.0,3,12
20161229,99318.0,4,12
20161230,105351.0,5,12
20161231,98344.0,6,12
20170101,97122.0,7,01
20170102,100038.0,1,01
20170103,97256.0,2,01
20170104,99633.0,3,01
20170105,102310.0,4,01
20170106,110907.0,5,01
20170107,106809.0,6,01
20170108,96960.0,7,01
20170109,100986.0,1,01
20170110,100397.0,2,01
20170111,100914.0,3,01
20170112,99699.0,4,01
20170113,103455.0,5,01
20170114,98764.0,6,01
20170115,91313.0,7,01
20170116,100192.0,1,01
20170117,102126.0,2,01
20170118,103520.0,3,01
20170119,105798.0,4,01
20170120,97637.0,5,01
20170121,94830.0,6,01
20170122,77086.0,7,01
20170123,95795.0,1,01
20170124,99119.0,2,01
20170125,101514.0,3,01
20170126,102877.0,4,01
20170127,83672.0,5,01
20170128,112804.0,6,01
20170129,118112.0,7,01
20170130,107177.0,1,01
20170131,99033.0,2,01
20170201,98622.0,3,02
20170202,99005.0,4,02
20170203,109091.0,5,02
20170204,103569.0,6,02
20170205,82461.0,7,02
20170206,99775.0,1,02
20170207,103735.0,2,02
20170208,103522.0,3,02
20170209,100209.0,4,02
20170210,107588.0,5,02
20170211,103943.0,6,02
20170212,92628.0,7,02
20170213,100562.0,1,02
20170214,103042.0,2,02
20170215,103423.0,3,02
20170216,107964.0,4,02
20170217,112555.0,5,02
20170218,107118.0,6,02
20170219,98954.0,7,02
20170220,103161.0,1,02
20170221,104444.0,2,02
20170222,97232.0,3,02
20170223,106057.0,4,02
20170224,114068.0,5,02
20170225,111357.0,6,02
20170226,100404.0,7,02
20170227,107947.0,1,02
20170228,112136.0,2,02
20170301,101999.0,3,03
20170302,104199.0,4,03
20170303,111643.0,5,03
20170304,108226.0,6,03
20170305,98345.0,7,03
20170306,101936.0,1,03
20170307,103591.0,2,03
20170308,104621.0,3,03
20170309,107182.0,4,03
20170310,114750.0,5,03
20170311,108017.0,6,03
20170312,102107.0,7,03
20170313,105363.0,1,03
20170314,106598.0,2,03
20170315,107400.0,3,03
20170316,109585.0,4,03
20170317,115543.0,5,03
20170318,113808.0,6,03
20170319,106297.0,7,03
20170320,108668.0,1,03
20170321,108054.0,2,03
20170322,108003.0,3,03
20170323,109634.0,4,03
20170324,117930.0,5,03
20170325,113405.0,6,03
20170326,106392.0,7,03
20170327,105582.0,1,03
20170328,106396.0,2,03
20170329,108584.0,3,03
20170330,109877.0,4,03
20170331,112252.0,5,03
